Using pre-set license
Built from '6000.0/staging' branch; Version is '6000.0.47f1 (2ad1ed33fd3b) revision 2806253'; Using compiler version '193933523'; Build Type 'Release'
OS: 'Windows 11  (10.0.26100) 64bit Core' Language: 'en' Physical Memory: 7968 MB
BatchMode: 1, IsHumanControllingUs: 0, StartBugReporterOnCrash: 0, Is64bit: 1, IsPro: 1

COMMAND LINE ARGUMENTS:
C:\Program Files\Unity\Hub\Editor\6000.0.47f1\Editor\Unity.exe
-adb2
-batchMode
-noUpm
-name
AssetImportWorker1
-projectPath
E:/Unity Projects/Cathy Village redo
-logFile
Logs/AssetImportWorker1.log
-srvPort
52737
-job-worker-count
3
-background-job-worker-count
8
-gc-helper-count
1
Successfully changed project path to: E:/Unity Projects/Cathy Village redo
E:/Unity Projects/Cathy Village redo
[UnityMemory] Configuration Parameters - Can be set up in boot.config
    "memorysetup-bucket-allocator-granularity=16"
    "memorysetup-bucket-allocator-bucket-count=8"
    "memorysetup-bucket-allocator-block-size=33554432"
    "memorysetup-bucket-allocator-block-count=8"
    "memorysetup-main-allocator-block-size=16777216"
    "memorysetup-thread-allocator-block-size=16777216"
    "memorysetup-gfx-main-allocator-block-size=16777216"
    "memorysetup-gfx-thread-allocator-block-size=16777216"
    "memorysetup-cache-allocator-block-size=4194304"
    "memorysetup-typetree-allocator-block-size=2097152"
    "memorysetup-profiler-bucket-allocator-granularity=16"
    "memorysetup-profiler-bucket-allocator-bucket-count=8"
    "memorysetup-profiler-bucket-allocator-block-size=33554432"
    "memorysetup-profiler-bucket-allocator-block-count=8"
    "memorysetup-profiler-allocator-block-size=16777216"
    "memorysetup-profiler-editor-allocator-block-size=1048576"
    "memorysetup-temp-allocator-size-main=16777216"
    "memorysetup-job-temp-allocator-block-size=2097152"
    "memorysetup-job-temp-allocator-block-size-background=1048576"
    "memorysetup-job-temp-allocator-reduction-small-platforms=262144"
    "memorysetup-allocator-temp-initial-block-size-main=262144"
    "memorysetup-allocator-temp-initial-block-size-worker=262144"
    "memorysetup-temp-allocator-size-background-worker=32768"
    "memorysetup-temp-allocator-size-job-worker=262144"
    "memorysetup-temp-allocator-size-preload-manager=33554432"
    "memorysetup-temp-allocator-size-nav-mesh-worker=65536"
    "memorysetup-temp-allocator-size-audio-worker=65536"
    "memorysetup-temp-allocator-size-cloud-worker=32768"
    "memorysetup-temp-allocator-size-gi-baking-worker=262144"
    "memorysetup-temp-allocator-size-gi-baking-worker=262144"
    "memorysetup-temp-allocator-size-gi-baking-worker=262144"
    "memorysetup-temp-allocator-size-gi-baking-worker=262144"
    "memorysetup-temp-allocator-size-gi-baking-worker=262144"
    "memorysetup-temp-allocator-size-gfx=262144"
Player connection [42040]  Target information:

Player connection [42040]  * "[IP] 192.168.5.175 [Port] 0 [Flags] 2 [Guid] 3600204739 [EditorId] 3600204739 [Version] 1048832 [Id] WindowsEditor(7,LAPTOP-R00LG5A0) [Debug] 1 [PackageName] WindowsEditor [ProjectName] Editor" 

Player connection [42040] Host joined multi-casting on [225.0.0.222:54997]...
Player connection [42040] Host joined alternative multi-casting on [225.0.0.222:34997]...
JobSystem: Creating JobQueue using job-worker-count value 3
Input System module state changed to: Initialized.
[Physics::Module] Initialized fallback backend.
[Physics::Module] Id: 0xdecafbad
Library Redirect Path: Library/
[Physics::Module] Selected backend.
[Physics::Module] Name: PhysX
[Physics::Module] Id: 0xf2b8ea05
[Physics::Module] SDK Version: 4.1.2
[Physics::Module] Integration Version: 1.0.0
[Physics::Module] Threading Mode: Multi-Threaded
Refreshing native plugins compatible for Editor in 1050.08 ms, found 3 plugins.
Preloading 0 native plugins for Editor in 0.00 ms.
Initialize engine version: 6000.0.47f1 (2ad1ed33fd3b)
[Subsystems] Discovering subsystems at path C:/Program Files/Unity/Hub/Editor/6000.0.47f1/Editor/Data/Resources/UnitySubsystems
[Subsystems] Discovering subsystems at path E:/Unity Projects/Cathy Village redo/Assets
GfxDevice: creating device client; kGfxThreadingModeNonThreaded
Direct3D:
    Version:  Direct3D 11.0 [level 11.1]
    Renderer: NVIDIA GeForce GTX 1650 (ID=0x1f99)
    Vendor:   NVIDIA
    VRAM:     3937 MB
    Driver:   32.0.15.6119
Initialize mono
Mono path[0] = 'C:/Program Files/Unity/Hub/Editor/6000.0.47f1/Editor/Data/Managed'
Mono path[1] = 'C:/Program Files/Unity/Hub/Editor/6000.0.47f1/Editor/Data/MonoBleedingEdge/lib/mono/unityjit-win32'
Mono config path = 'C:/Program Files/Unity/Hub/Editor/6000.0.47f1/Editor/Data/MonoBleedingEdge/etc'
Using monoOptions --debugger-agent=transport=dt_socket,embedding=1,server=y,suspend=n,address=127.0.0.1:56448
Begin MonoManager ReloadAssembly
Registering precompiled unity dll's ...
Register platform support module: C:/Program Files/Unity/Hub/Editor/6000.0.47f1/Editor/Data/PlaybackEngines/WebGLSupport/UnityEditor.WebGL.Extensions.dll
Register platform support module: C:/Program Files/Unity/Hub/Editor/6000.0.47f1/Editor/Data/PlaybackEngines/WindowsStandaloneSupport/UnityEditor.WindowsStandalone.Extensions.dll
Registered in 0.043682 seconds.
- Loaded All Assemblies, in  5.095 seconds
Native extension for WindowsStandalone target not found
Native extension for WebGL target not found
Mono: successfully reloaded assembly
- Finished resetting the current domain, in  4.016 seconds
Domain Reload Profiling: 9068ms
	BeginReloadAssembly (1850ms)
		ExecutionOrderSort (0ms)
		DisableScriptedObjects (0ms)
		BackupInstance (0ms)
		ReleaseScriptingObjects (0ms)
		CreateAndSetChildDomain (6ms)
	RebuildCommonClasses (783ms)
	RebuildNativeTypeToScriptingClass (129ms)
	initialDomainReloadingComplete (487ms)
	LoadAllAssembliesAndSetupDomain (1800ms)
		LoadAssemblies (1833ms)
		RebuildTransferFunctionScriptingTraits (0ms)
		AnalyzeDomain (1761ms)
			TypeCache.Refresh (1751ms)
				TypeCache.ScanAssembly (1641ms)
			BuildScriptInfoCaches (1ms)
			ResolveRequiredComponents (3ms)
	FinalizeReload (4018ms)
		ReleaseScriptCaches (0ms)
		RebuildScriptCaches (0ms)
		SetupLoadedEditorAssemblies (3144ms)
			LogAssemblyErrors (0ms)
			InitializePlatformSupportModulesInManaged (150ms)
			SetLoadedEditorAssemblies (31ms)
			BeforeProcessingInitializeOnLoad (475ms)
			ProcessInitializeOnLoadAttributes (1805ms)
			ProcessInitializeOnLoadMethodAttributes (682ms)
			AfterProcessingInitializeOnLoad (0ms)
			EditorAssembliesLoaded (1ms)
		ExecutionOrderSort2 (0ms)
		AwakeInstancesAfterBackupRestoration (0ms)
========================================================================
Worker process is ready to serve import requests
Import Worker Mode flag is 0x00
Begin MonoManager ReloadAssembly
- Loaded All Assemblies, in  9.388 seconds
Refreshing native plugins compatible for Editor in 6.00 ms, found 3 plugins.
Native extension for WindowsStandalone target not found
Native extension for WebGL target not found
Mono: successfully reloaded assembly
- Finished resetting the current domain, in 16.483 seconds
Domain Reload Profiling: 25843ms
	BeginReloadAssembly (1294ms)
		ExecutionOrderSort (0ms)
		DisableScriptedObjects (49ms)
		BackupInstance (0ms)
		ReleaseScriptingObjects (0ms)
		CreateAndSetChildDomain (173ms)
	RebuildCommonClasses (314ms)
	RebuildNativeTypeToScriptingClass (112ms)
	initialDomainReloadingComplete (361ms)
	LoadAllAssembliesAndSetupDomain (7277ms)
		LoadAssemblies (4873ms)
		RebuildTransferFunctionScriptingTraits (0ms)
		AnalyzeDomain (3138ms)
			TypeCache.Refresh (2154ms)
				TypeCache.ScanAssembly (2026ms)
			BuildScriptInfoCaches (867ms)
			ResolveRequiredComponents (95ms)
	FinalizeReload (16485ms)
		ReleaseScriptCaches (0ms)
		RebuildScriptCaches (0ms)
		SetupLoadedEditorAssemblies (11125ms)
			LogAssemblyErrors (0ms)
			InitializePlatformSupportModulesInManaged (26ms)
			SetLoadedEditorAssemblies (27ms)
			BeforeProcessingInitializeOnLoad (1029ms)
			ProcessInitializeOnLoadAttributes (5824ms)
			ProcessInitializeOnLoadMethodAttributes (4161ms)
			AfterProcessingInitializeOnLoad (57ms)
			EditorAssembliesLoaded (1ms)
		ExecutionOrderSort2 (0ms)
		AwakeInstancesAfterBackupRestoration (47ms)
Launched and connected shader compiler UnityShaderCompiler.exe after 0.13 seconds
Refreshing native plugins compatible for Editor in 13.77 ms, found 3 plugins.
Preloading 0 native plugins for Editor in 0.00 ms.
Unloading 205 Unused Serialized files (Serialized files now loaded: 0)
Unloading 5972 unused Assets / (8.4 MB). Loaded Objects now: 6626.
Memory consumption went from 169.3 MB to 160.8 MB.
Total: 168.605800 ms (FindLiveObjects: 2.760800 ms CreateObjectMapping: 81.907700 ms MarkObjects: 53.825000 ms  DeleteObjects: 30.099600 ms)

========================================================================
Received Import Request.
  Time since last request: 3456427.486578 seconds.
  path: Assets/Handpainted_Grass_and_Ground_Textures/Demo/terrain_layers/dirt_clay_left.terrainlayer
  artifactKey: Guid(c713baf133ac7f840b6e5f2a7e1fcdc7) Importer(815301076,1909f56bfc062723c751e8b465ee728b)
Start importing Assets/Handpainted_Grass_and_Ground_Textures/Demo/terrain_layers/dirt_clay_left.terrainlayer using Guid(c713baf133ac7f840b6e5f2a7e1fcdc7) Importer(815301076,1909f56bfc062723c751e8b465ee728b) (PreviewImporter) -> (artifact id: '162ee7e2f59d0d5b7c84cc64154d1025') in 0.6956834 seconds
Number of updated asset objects reloaded before import = 7Number of asset objects unloaded after import = 2

========================================================================
Received Import Request.
  Time since last request: 0.000092 seconds.
  path: Assets/Handpainted_Grass_and_Ground_Textures/Demo/terrain_layers/dirt_desatured_rocks_up.terrainlayer
  artifactKey: Guid(f8179b5fdea36d14484ce6531cdf7e64) Importer(815301076,1909f56bfc062723c751e8b465ee728b)
Start importing Assets/Handpainted_Grass_and_Ground_Textures/Demo/terrain_layers/dirt_desatured_rocks_up.terrainlayer using Guid(f8179b5fdea36d14484ce6531cdf7e64) Importer(815301076,1909f56bfc062723c751e8b465ee728b) (PreviewImporter) -> (artifact id: '8ddd86fb5fe4e866758852ba8fad5340') in 0.2454043 seconds
Number of updated asset objects reloaded before import = 0Number of asset objects unloaded after import = 2

========================================================================
Received Import Request.
  Time since last request: 0.000086 seconds.
  path: Assets/Handpainted_Grass_and_Ground_Textures/Demo/terrain_layers/dirt_corrupted_down.terrainlayer
  artifactKey: Guid(ca37d638073554c449cb7c9dd313f5cb) Importer(815301076,1909f56bfc062723c751e8b465ee728b)
Start importing Assets/Handpainted_Grass_and_Ground_Textures/Demo/terrain_layers/dirt_corrupted_down.terrainlayer using Guid(ca37d638073554c449cb7c9dd313f5cb) Importer(815301076,1909f56bfc062723c751e8b465ee728b) (PreviewImporter) -> (artifact id: '0e6975587d3b789b50b03b7d3c417221') in 0.1786518 seconds
Number of updated asset objects reloaded before import = 0Number of asset objects unloaded after import = 2

========================================================================
Received Import Request.
  Time since last request: 0.000080 seconds.
  path: Assets/Handpainted_Grass_and_Ground_Textures/Demo/terrain_layers/dirt_corrupted_lighted_down.terrainlayer
  artifactKey: Guid(3d4206861a951f648b37ee22d964bf26) Importer(815301076,1909f56bfc062723c751e8b465ee728b)
Start importing Assets/Handpainted_Grass_and_Ground_Textures/Demo/terrain_layers/dirt_corrupted_lighted_down.terrainlayer using Guid(3d4206861a951f648b37ee22d964bf26) Importer(815301076,1909f56bfc062723c751e8b465ee728b) (PreviewImporter) -> (artifact id: '418b944edacfea1656baf592600d1b2d') in 0.2012427 seconds
Number of updated asset objects reloaded before import = 0Number of asset objects unloaded after import = 2

========================================================================
Received Import Request.
  Time since last request: 0.000206 seconds.
  path: Assets/Handpainted_Grass_and_Ground_Textures/Demo/terrain_layers/dirt_corrupted_lighted_up.terrainlayer
  artifactKey: Guid(1144b24d6a50b464ea2e952561a6f7e1) Importer(815301076,1909f56bfc062723c751e8b465ee728b)
Start importing Assets/Handpainted_Grass_and_Ground_Textures/Demo/terrain_layers/dirt_corrupted_lighted_up.terrainlayer using Guid(1144b24d6a50b464ea2e952561a6f7e1) Importer(815301076,1909f56bfc062723c751e8b465ee728b) (PreviewImporter) -> (artifact id: 'f4fdc3923a552bc8dc7f62a7b6f3c7d5') in 0.1560422 seconds
Number of updated asset objects reloaded before import = 0Number of asset objects unloaded after import = 2

========================================================================
Received Import Request.
  Time since last request: 0.000063 seconds.
  path: Assets/Handpainted_Grass_and_Ground_Textures/Demo/terrain_layers/dirt_corrupted_lighted_left.terrainlayer
  artifactKey: Guid(732b43abd374c374d978d756f1c4a5ac) Importer(815301076,1909f56bfc062723c751e8b465ee728b)
Start importing Assets/Handpainted_Grass_and_Ground_Textures/Demo/terrain_layers/dirt_corrupted_lighted_left.terrainlayer using Guid(732b43abd374c374d978d756f1c4a5ac) Importer(815301076,1909f56bfc062723c751e8b465ee728b) (PreviewImporter) -> (artifact id: '6f3e47bce77b6094bf2bd0bbbd594bed') in 0.1741539 seconds
Number of updated asset objects reloaded before import = 0Number of asset objects unloaded after import = 2

========================================================================
Received Import Request.
  Time since last request: 0.000105 seconds.
  path: Assets/Handpainted_Grass_and_Ground_Textures/Demo/terrain_layers/dirt_lighted_down.terrainlayer
  artifactKey: Guid(9d3c14d093c5efa488e582f9a1b2f663) Importer(815301076,1909f56bfc062723c751e8b465ee728b)
Start importing Assets/Handpainted_Grass_and_Ground_Textures/Demo/terrain_layers/dirt_lighted_down.terrainlayer using Guid(9d3c14d093c5efa488e582f9a1b2f663) Importer(815301076,1909f56bfc062723c751e8b465ee728b) (PreviewImporter) -> (artifact id: '35225695364375b358348603157613b3') in 0.1511194 seconds
Number of updated asset objects reloaded before import = 0Number of asset objects unloaded after import = 2

========================================================================
Received Import Request.
  Time since last request: 0.000058 seconds.
  path: Assets/Handpainted_Grass_and_Ground_Textures/Demo/terrain_layers/dirt_lighted_rocks_right.terrainlayer
  artifactKey: Guid(93048c3e21ad4ea48a891e7dfba702ff) Importer(815301076,1909f56bfc062723c751e8b465ee728b)
Start importing Assets/Handpainted_Grass_and_Ground_Textures/Demo/terrain_layers/dirt_lighted_rocks_right.terrainlayer using Guid(93048c3e21ad4ea48a891e7dfba702ff) Importer(815301076,1909f56bfc062723c751e8b465ee728b) (PreviewImporter) -> (artifact id: 'e732b1c2ad4e382d8f6675877c359791') in 0.1656221 seconds
Number of updated asset objects reloaded before import = 0Number of asset objects unloaded after import = 2

========================================================================
Received Import Request.
  Time since last request: 0.000092 seconds.
  path: Assets/Handpainted_Grass_and_Ground_Textures/Demo/terrain_layers/dirt_desatured_right.terrainlayer
  artifactKey: Guid(81ae3aa24351ac3468c21be8f174a9ea) Importer(815301076,1909f56bfc062723c751e8b465ee728b)
Start importing Assets/Handpainted_Grass_and_Ground_Textures/Demo/terrain_layers/dirt_desatured_right.terrainlayer using Guid(81ae3aa24351ac3468c21be8f174a9ea) Importer(815301076,1909f56bfc062723c751e8b465ee728b) (PreviewImporter) -> (artifact id: 'aebb37b7117f07d162dc27e5964a4a83') in 0.2340495 seconds
Number of updated asset objects reloaded before import = 0Number of asset objects unloaded after import = 2

========================================================================
Received Import Request.
  Time since last request: 0.000062 seconds.
  path: Assets/Handpainted_Grass_and_Ground_Textures/Demo/terrain_layers/dirt_desatured_left.terrainlayer
  artifactKey: Guid(d59394a29b2bc2b429127e902d2bb590) Importer(815301076,1909f56bfc062723c751e8b465ee728b)
Start importing Assets/Handpainted_Grass_and_Ground_Textures/Demo/terrain_layers/dirt_desatured_left.terrainlayer using Guid(d59394a29b2bc2b429127e902d2bb590) Importer(815301076,1909f56bfc062723c751e8b465ee728b) (PreviewImporter) -> (artifact id: '6a6352b669f92a5b24bf15aa2cfc0280') in 0.2585615 seconds
Number of updated asset objects reloaded before import = 0Number of asset objects unloaded after import = 2

========================================================================
Received Import Request.
  Time since last request: 0.000105 seconds.
  path: Assets/Handpainted_Grass_and_Ground_Textures/Demo/terrain_layers/dirt_corrupted_left.terrainlayer
  artifactKey: Guid(01fdb5ede7bc71744bebfca6e00634c0) Importer(815301076,1909f56bfc062723c751e8b465ee728b)
Start importing Assets/Handpainted_Grass_and_Ground_Textures/Demo/terrain_layers/dirt_corrupted_left.terrainlayer using Guid(01fdb5ede7bc71744bebfca6e00634c0) Importer(815301076,1909f56bfc062723c751e8b465ee728b) (PreviewImporter) -> (artifact id: '28c44fff4a9fd818773eec0fa6372122') in 0.1903718 seconds
Number of updated asset objects reloaded before import = 0Number of asset objects unloaded after import = 2

========================================================================
Received Import Request.
  Time since last request: 0.000076 seconds.
  path: Assets/Handpainted_Grass_and_Ground_Textures/Demo/terrain_layers/dirt_normal_down.terrainlayer
  artifactKey: Guid(2b319025aaf66334aa785399b8ac33ce) Importer(815301076,1909f56bfc062723c751e8b465ee728b)
Start importing Assets/Handpainted_Grass_and_Ground_Textures/Demo/terrain_layers/dirt_normal_down.terrainlayer using Guid(2b319025aaf66334aa785399b8ac33ce) Importer(815301076,1909f56bfc062723c751e8b465ee728b) (PreviewImporter) -> (artifact id: '89b2a4383cefb5000bda0c1221f8a1f1') in 0.3264404 seconds
Number of updated asset objects reloaded before import = 0Number of asset objects unloaded after import = 2

========================================================================
Received Import Request.
  Time since last request: 0.000106 seconds.
  path: Assets/Handpainted_Grass_and_Ground_Textures/Demo/terrain_layers/dirt_overcorrupted_down.terrainlayer
  artifactKey: Guid(89258d896d872294bb3a0cefacbc3158) Importer(815301076,1909f56bfc062723c751e8b465ee728b)
Start importing Assets/Handpainted_Grass_and_Ground_Textures/Demo/terrain_layers/dirt_overcorrupted_down.terrainlayer using Guid(89258d896d872294bb3a0cefacbc3158) Importer(815301076,1909f56bfc062723c751e8b465ee728b) (PreviewImporter) -> (artifact id: '48f4456e6e11a374cb587b91d3897147') in 0.1886788 seconds
Number of updated asset objects reloaded before import = 0Number of asset objects unloaded after import = 2

========================================================================
Received Import Request.
  Time since last request: 0.000064 seconds.
  path: Assets/Handpainted_Grass_and_Ground_Textures/Demo/terrain_layers/dirt_normal_left.terrainlayer
  artifactKey: Guid(9d4c363caf962fc4db3f057f27debd78) Importer(815301076,1909f56bfc062723c751e8b465ee728b)
Start importing Assets/Handpainted_Grass_and_Ground_Textures/Demo/terrain_layers/dirt_normal_left.terrainlayer using Guid(9d4c363caf962fc4db3f057f27debd78) Importer(815301076,1909f56bfc062723c751e8b465ee728b) (PreviewImporter) -> (artifact id: 'c07a36c5fb31c34ccf1b7044060d3cd6') in 0.2136285 seconds
Number of updated asset objects reloaded before import = 0Number of asset objects unloaded after import = 2

========================================================================
Received Import Request.
  Time since last request: 0.000119 seconds.
  path: Assets/Handpainted_Grass_and_Ground_Textures/Demo/terrain_layers/dirt_overcorrupted_right.terrainlayer
  artifactKey: Guid(94bd4356f0397844b86cc42bed9f66c0) Importer(815301076,1909f56bfc062723c751e8b465ee728b)
Start importing Assets/Handpainted_Grass_and_Ground_Textures/Demo/terrain_layers/dirt_overcorrupted_right.terrainlayer using Guid(94bd4356f0397844b86cc42bed9f66c0) Importer(815301076,1909f56bfc062723c751e8b465ee728b) (PreviewImporter) -> (artifact id: '2d73a5d45e48d8348b6a7932bbd50f3e') in 0.1509537 seconds
Number of updated asset objects reloaded before import = 0Number of asset objects unloaded after import = 2

========================================================================
Received Import Request.
  Time since last request: 0.000097 seconds.
  path: Assets/Handpainted_Grass_and_Ground_Textures/Demo/terrain_layers/dirt_overdesatured_left.terrainlayer
  artifactKey: Guid(0f4c7a21d9678e542a477fd5229167fa) Importer(815301076,1909f56bfc062723c751e8b465ee728b)
Start importing Assets/Handpainted_Grass_and_Ground_Textures/Demo/terrain_layers/dirt_overdesatured_left.terrainlayer using Guid(0f4c7a21d9678e542a477fd5229167fa) Importer(815301076,1909f56bfc062723c751e8b465ee728b) (PreviewImporter) -> (artifact id: 'f005be315e24032732d5fe8184525272') in 0.3044925 seconds
Number of updated asset objects reloaded before import = 0Number of asset objects unloaded after import = 2

========================================================================
Received Import Request.
  Time since last request: 0.000081 seconds.
  path: Assets/Handpainted_Grass_and_Ground_Textures/Demo/terrain_layers/Grass_bluetint_down.terrainlayer
  artifactKey: Guid(af09d6fd4ebc81e448c4a90956dfb789) Importer(815301076,1909f56bfc062723c751e8b465ee728b)
Start importing Assets/Handpainted_Grass_and_Ground_Textures/Demo/terrain_layers/Grass_bluetint_down.terrainlayer using Guid(af09d6fd4ebc81e448c4a90956dfb789) Importer(815301076,1909f56bfc062723c751e8b465ee728b) (PreviewImporter) -> (artifact id: 'c978c8bca47c4a926e8e49fb7b75eb8f') in 0.1843533 seconds
Number of updated asset objects reloaded before import = 0Number of asset objects unloaded after import = 2

========================================================================
Received Import Request.
  Time since last request: 0.000082 seconds.
  path: Assets/Handpainted_Grass_and_Ground_Textures/Demo/terrain_layers/dirt_normal_right.terrainlayer
  artifactKey: Guid(d01c7e7a2af3ed249929094afc30abe1) Importer(815301076,1909f56bfc062723c751e8b465ee728b)
Start importing Assets/Handpainted_Grass_and_Ground_Textures/Demo/terrain_layers/dirt_normal_right.terrainlayer using Guid(d01c7e7a2af3ed249929094afc30abe1) Importer(815301076,1909f56bfc062723c751e8b465ee728b) (PreviewImporter) -> (artifact id: '38486e26525aef681a7b0edff91f9334') in 0.1880972 seconds
Number of updated asset objects reloaded before import = 0Number of asset objects unloaded after import = 2

========================================================================
Received Import Request.
  Time since last request: 0.000079 seconds.
  path: Assets/Handpainted_Grass_and_Ground_Textures/Demo/terrain_layers/dirt_normal_up.terrainlayer
  artifactKey: Guid(205fdae2c6b4e4345831e9b662268942) Importer(815301076,1909f56bfc062723c751e8b465ee728b)
Start importing Assets/Handpainted_Grass_and_Ground_Textures/Demo/terrain_layers/dirt_normal_up.terrainlayer using Guid(205fdae2c6b4e4345831e9b662268942) Importer(815301076,1909f56bfc062723c751e8b465ee728b) (PreviewImporter) -> (artifact id: 'a79320b3e7b8fdc4f64216e61e2c1b58') in 0.1735791 seconds
Number of updated asset objects reloaded before import = 0Number of asset objects unloaded after import = 2

========================================================================
Received Import Request.
  Time since last request: 0.000063 seconds.
  path: Assets/Handpainted_Grass_and_Ground_Textures/Demo/terrain_layers/dirt_overdesatured_right.terrainlayer
  artifactKey: Guid(3275dd885f90676448381cc2a20d87ea) Importer(815301076,1909f56bfc062723c751e8b465ee728b)
Start importing Assets/Handpainted_Grass_and_Ground_Textures/Demo/terrain_layers/dirt_overdesatured_right.terrainlayer using Guid(3275dd885f90676448381cc2a20d87ea) Importer(815301076,1909f56bfc062723c751e8b465ee728b) (PreviewImporter) -> (artifact id: 'fbaa12a23e440dbd04a0dc8362f29a5e') in 0.2503764 seconds
Number of updated asset objects reloaded before import = 0Number of asset objects unloaded after import = 2

========================================================================
Received Import Request.
  Time since last request: 0.000104 seconds.
  path: Assets/Handpainted_Grass_and_Ground_Textures/Demo/terrain_layers/dirt_lighted_left.terrainlayer
  artifactKey: Guid(8868eb00d1fb1564881e9adbc06e83c8) Importer(815301076,1909f56bfc062723c751e8b465ee728b)
Start importing Assets/Handpainted_Grass_and_Ground_Textures/Demo/terrain_layers/dirt_lighted_left.terrainlayer using Guid(8868eb00d1fb1564881e9adbc06e83c8) Importer(815301076,1909f56bfc062723c751e8b465ee728b) (PreviewImporter) -> (artifact id: 'd6cf623c5244e39f52ab04bca472a4be') in 0.1978048 seconds
Number of updated asset objects reloaded before import = 0Number of asset objects unloaded after import = 2

========================================================================
Received Import Request.
  Time since last request: 0.000079 seconds.
  path: Assets/Handpainted_Grass_and_Ground_Textures/Demo/terrain_layers/dirt_desatured_rocks_right.terrainlayer
  artifactKey: Guid(623b445a6e0248847a90129992558440) Importer(815301076,1909f56bfc062723c751e8b465ee728b)
Start importing Assets/Handpainted_Grass_and_Ground_Textures/Demo/terrain_layers/dirt_desatured_rocks_right.terrainlayer using Guid(623b445a6e0248847a90129992558440) Importer(815301076,1909f56bfc062723c751e8b465ee728b) (PreviewImporter) -> (artifact id: 'b28c09eb3295b5e27afe682175164704') in 0.2107091 seconds
Number of updated asset objects reloaded before import = 0Number of asset objects unloaded after import = 2

========================================================================
Received Import Request.
  Time since last request: 24.389450 seconds.
  path: Assets/Handpainted_Grass_and_Ground_Textures/Demo/terrain_layers/Grass_bluetint_right.terrainlayer
  artifactKey: Guid(d05b6b35cf7b1484bb2f64c0a74476dd) Importer(815301076,1909f56bfc062723c751e8b465ee728b)
Start importing Assets/Handpainted_Grass_and_Ground_Textures/Demo/terrain_layers/Grass_bluetint_right.terrainlayer using Guid(d05b6b35cf7b1484bb2f64c0a74476dd) Importer(815301076,1909f56bfc062723c751e8b465ee728b) (PreviewImporter) -> (artifact id: '71613e97307549ffef31befd11126f5c') in 0.2460483 seconds
Number of updated asset objects reloaded before import = 0Number of asset objects unloaded after import = 2

========================================================================
Received Import Request.
  Time since last request: 0.000063 seconds.
  path: Assets/Handpainted_Grass_and_Ground_Textures/Demo/terrain_layers/Grass_darked_left.terrainlayer
  artifactKey: Guid(13710ded8a4abf1429f52beb35020a8e) Importer(815301076,1909f56bfc062723c751e8b465ee728b)
Start importing Assets/Handpainted_Grass_and_Ground_Textures/Demo/terrain_layers/Grass_darked_left.terrainlayer using Guid(13710ded8a4abf1429f52beb35020a8e) Importer(815301076,1909f56bfc062723c751e8b465ee728b) (PreviewImporter) -> (artifact id: 'e301f4fd385d9a02daa7172421c4ebbe') in 0.1048075 seconds
Number of updated asset objects reloaded before import = 0Number of asset objects unloaded after import = 2

========================================================================
Received Import Request.
  Time since last request: 0.000230 seconds.
  path: Assets/Handpainted_Grass_and_Ground_Textures/Demo/terrain_layers/Grass_darked_right.terrainlayer
  artifactKey: Guid(1b91aa2ac8fa2b04b972e4af2dfa295b) Importer(815301076,1909f56bfc062723c751e8b465ee728b)
Start importing Assets/Handpainted_Grass_and_Ground_Textures/Demo/terrain_layers/Grass_darked_right.terrainlayer using Guid(1b91aa2ac8fa2b04b972e4af2dfa295b) Importer(815301076,1909f56bfc062723c751e8b465ee728b) (PreviewImporter) -> (artifact id: 'ab8233a9ebcec3d89db655d8712d920f') in 0.2300168 seconds
Number of updated asset objects reloaded before import = 0Number of asset objects unloaded after import = 2

========================================================================
Received Import Request.
  Time since last request: 0.000072 seconds.
  path: Assets/Handpainted_Grass_and_Ground_Textures/Demo/terrain_layers/Grass_corrupted_up.terrainlayer
  artifactKey: Guid(ba4dd0b5a1d820f45946c6f4e6c4ae24) Importer(815301076,1909f56bfc062723c751e8b465ee728b)
Start importing Assets/Handpainted_Grass_and_Ground_Textures/Demo/terrain_layers/Grass_corrupted_up.terrainlayer using Guid(ba4dd0b5a1d820f45946c6f4e6c4ae24) Importer(815301076,1909f56bfc062723c751e8b465ee728b) (PreviewImporter) -> (artifact id: '7966b9422ea24075b0d84e22f9388848') in 0.1359502 seconds
Number of updated asset objects reloaded before import = 0Number of asset objects unloaded after import = 2

========================================================================
Received Import Request.
  Time since last request: 0.000102 seconds.
  path: Assets/Handpainted_Grass_and_Ground_Textures/Demo/terrain_layers/Grass_desatured_down.terrainlayer
  artifactKey: Guid(6cc09a088a350a64fa9c4fdadce1ce3b) Importer(815301076,1909f56bfc062723c751e8b465ee728b)
Start importing Assets/Handpainted_Grass_and_Ground_Textures/Demo/terrain_layers/Grass_desatured_down.terrainlayer using Guid(6cc09a088a350a64fa9c4fdadce1ce3b) Importer(815301076,1909f56bfc062723c751e8b465ee728b) (PreviewImporter) -> (artifact id: '7c27a12846b81b9a60a4eee1f37890a7') in 0.1911011 seconds
Number of updated asset objects reloaded before import = 0Number of asset objects unloaded after import = 2

========================================================================
Received Import Request.
  Time since last request: 0.000076 seconds.
  path: Assets/Handpainted_Grass_and_Ground_Textures/Demo/terrain_layers/Grass_corrupted_right.terrainlayer
  artifactKey: Guid(5a8233d884b35ae4581f8f254c1995be) Importer(815301076,1909f56bfc062723c751e8b465ee728b)
Start importing Assets/Handpainted_Grass_and_Ground_Textures/Demo/terrain_layers/Grass_corrupted_right.terrainlayer using Guid(5a8233d884b35ae4581f8f254c1995be) Importer(815301076,1909f56bfc062723c751e8b465ee728b) (PreviewImporter) -> (artifact id: 'e46626e593828b0c7fc7a27727f183e2') in 0.1904108 seconds
Number of updated asset objects reloaded before import = 0Number of asset objects unloaded after import = 2

========================================================================
Received Import Request.
  Time since last request: 0.000097 seconds.
  path: Assets/Handpainted_Grass_and_Ground_Textures/Demo/terrain_layers/Grass_normal_up.terrainlayer
  artifactKey: Guid(d89b6494d9fbc994182207fed5df47a0) Importer(815301076,1909f56bfc062723c751e8b465ee728b)
Start importing Assets/Handpainted_Grass_and_Ground_Textures/Demo/terrain_layers/Grass_normal_up.terrainlayer using Guid(d89b6494d9fbc994182207fed5df47a0) Importer(815301076,1909f56bfc062723c751e8b465ee728b) (PreviewImporter) -> (artifact id: 'da686adc9695e3c773caa5655e75f626') in 0.1955829 seconds
Number of updated asset objects reloaded before import = 0Number of asset objects unloaded after import = 2

========================================================================
Received Import Request.
  Time since last request: 0.000060 seconds.
  path: Assets/Handpainted_Grass_and_Ground_Textures/Demo/terrain_layers/Grass_overcorrupted_down.terrainlayer
  artifactKey: Guid(082119606917ad0458b90f16cebed0e8) Importer(815301076,1909f56bfc062723c751e8b465ee728b)
Start importing Assets/Handpainted_Grass_and_Ground_Textures/Demo/terrain_layers/Grass_overcorrupted_down.terrainlayer using Guid(082119606917ad0458b90f16cebed0e8) Importer(815301076,1909f56bfc062723c751e8b465ee728b) (PreviewImporter) -> (artifact id: '62f2edf63da81c798578c4faf24e1741') in 0.2312916 seconds
Number of updated asset objects reloaded before import = 0Number of asset objects unloaded after import = 2

========================================================================
Received Import Request.
  Time since last request: 0.000328 seconds.
  path: Assets/Handpainted_Grass_and_Ground_Textures/Demo/terrain_layers/Grass_swamp_dark_right.terrainlayer
  artifactKey: Guid(f5ab8ba8091ca5640a57ece2058a1a51) Importer(815301076,1909f56bfc062723c751e8b465ee728b)
Start importing Assets/Handpainted_Grass_and_Ground_Textures/Demo/terrain_layers/Grass_swamp_dark_right.terrainlayer using Guid(f5ab8ba8091ca5640a57ece2058a1a51) Importer(815301076,1909f56bfc062723c751e8b465ee728b) (PreviewImporter) -> (artifact id: '911b580c48b6896de5c0f5eeec57274a') in 0.1630668 seconds
Number of updated asset objects reloaded before import = 0Number of asset objects unloaded after import = 2

========================================================================
Received Import Request.
  Time since last request: 0.000080 seconds.
  path: Assets/Handpainted_Grass_and_Ground_Textures/Demo/terrain_layers/Grass_swamp_lighted_right.terrainlayer
  artifactKey: Guid(e72ccc2826f771a468073aa270e29fff) Importer(815301076,1909f56bfc062723c751e8b465ee728b)
Start importing Assets/Handpainted_Grass_and_Ground_Textures/Demo/terrain_layers/Grass_swamp_lighted_right.terrainlayer using Guid(e72ccc2826f771a468073aa270e29fff) Importer(815301076,1909f56bfc062723c751e8b465ee728b) (PreviewImporter) -> (artifact id: '78b73baff99b8f1a7207d92c9803b22b') in 0.2042485 seconds
Number of updated asset objects reloaded before import = 0Number of asset objects unloaded after import = 2

========================================================================
Received Import Request.
  Time since last request: 0.000075 seconds.
  path: Assets/Handpainted_Grass_and_Ground_Textures/Demo/terrain_layers/Grass_swamp_normal_left.terrainlayer
  artifactKey: Guid(055834330a513be4794397d9ee7d6802) Importer(815301076,1909f56bfc062723c751e8b465ee728b)
Start importing Assets/Handpainted_Grass_and_Ground_Textures/Demo/terrain_layers/Grass_swamp_normal_left.terrainlayer using Guid(055834330a513be4794397d9ee7d6802) Importer(815301076,1909f56bfc062723c751e8b465ee728b) (PreviewImporter) -> (artifact id: 'b9772d6cec418c491767dfbd56adfc1c') in 0.1485076 seconds
Number of updated asset objects reloaded before import = 0Number of asset objects unloaded after import = 2

========================================================================
Received Import Request.
  Time since last request: 0.000070 seconds.
  path: Assets/Handpainted_Grass_and_Ground_Textures/Demo/terrain_layers/Grass_swamp_dark_left.terrainlayer
  artifactKey: Guid(d7db9727f3802a04cae590170e40b962) Importer(815301076,1909f56bfc062723c751e8b465ee728b)
Start importing Assets/Handpainted_Grass_and_Ground_Textures/Demo/terrain_layers/Grass_swamp_dark_left.terrainlayer using Guid(d7db9727f3802a04cae590170e40b962) Importer(815301076,1909f56bfc062723c751e8b465ee728b) (PreviewImporter) -> (artifact id: '22257a9b276dff2d6fab33cb5e45a26d') in 0.1967109 seconds
Number of updated asset objects reloaded before import = 0Number of asset objects unloaded after import = 2

========================================================================
Received Import Request.
  Time since last request: 0.000093 seconds.
  path: Assets/Polytope Studio/Lowpoly_Demos/Environment_Free/Helpers/Ground_Layer_02.terrainlayer
  artifactKey: Guid(f7ce30ec9b280b34cacb1a1005349890) Importer(815301076,1909f56bfc062723c751e8b465ee728b)
Start importing Assets/Polytope Studio/Lowpoly_Demos/Environment_Free/Helpers/Ground_Layer_02.terrainlayer using Guid(f7ce30ec9b280b34cacb1a1005349890) Importer(815301076,1909f56bfc062723c751e8b465ee728b) (PreviewImporter) -> (artifact id: '12efc28db59202feb4e5844d90cf620f') in 0.1763508 seconds
Number of updated asset objects reloaded before import = 0Number of asset objects unloaded after import = 2

========================================================================
Received Import Request.
  Time since last request: 0.000084 seconds.
  path: Assets/Handpainted_Grass_and_Ground_Textures/Demo/terrain_layers/NewLayer 4.terrainlayer
  artifactKey: Guid(2a1ab16f1ef6a1c49ab0b6dea49c39f4) Importer(815301076,1909f56bfc062723c751e8b465ee728b)
Start importing Assets/Handpainted_Grass_and_Ground_Textures/Demo/terrain_layers/NewLayer 4.terrainlayer using Guid(2a1ab16f1ef6a1c49ab0b6dea49c39f4) Importer(815301076,1909f56bfc062723c751e8b465ee728b) (PreviewImporter) -> (artifact id: 'eaae0af61a990985b021770e4a32009a') in 0.2549826 seconds
Number of updated asset objects reloaded before import = 0Number of asset objects unloaded after import = 2

========================================================================
Received Import Request.
  Time since last request: 0.000107 seconds.
  path: Assets/Handpainted_Grass_and_Ground_Textures/Demo/terrain_layers/NewLayer 12.terrainlayer
  artifactKey: Guid(df118c77a8d6b1c4e9c234467f76217c) Importer(815301076,1909f56bfc062723c751e8b465ee728b)
Start importing Assets/Handpainted_Grass_and_Ground_Textures/Demo/terrain_layers/NewLayer 12.terrainlayer using Guid(df118c77a8d6b1c4e9c234467f76217c) Importer(815301076,1909f56bfc062723c751e8b465ee728b) (PreviewImporter) -> (artifact id: 'f5ca7949dd4e5a2ff3ae37eb48dfa5ef') in 0.1242347 seconds
Number of updated asset objects reloaded before import = 0Number of asset objects unloaded after import = 2

========================================================================
Received Import Request.
  Time since last request: 0.000064 seconds.
  path: Assets/Handpainted_Grass_and_Ground_Textures/Demo/terrain_layers/NewLayer 5.terrainlayer
  artifactKey: Guid(7642c1e1e32bf8745b61278680f19343) Importer(815301076,1909f56bfc062723c751e8b465ee728b)
Start importing Assets/Handpainted_Grass_and_Ground_Textures/Demo/terrain_layers/NewLayer 5.terrainlayer using Guid(7642c1e1e32bf8745b61278680f19343) Importer(815301076,1909f56bfc062723c751e8b465ee728b) (PreviewImporter) -> (artifact id: 'a4ef5c613069e49475c2ac3d0fb32b3a') in 0.1729252 seconds
Number of updated asset objects reloaded before import = 0Number of asset objects unloaded after import = 2

========================================================================
Received Import Request.
  Time since last request: 0.000116 seconds.
  path: Assets/Handpainted_Grass_and_Ground_Textures/Demo/terrain_layers/NewLayer 7.terrainlayer
  artifactKey: Guid(de0b8db7bfd88a84b84cb144622fa9d4) Importer(815301076,1909f56bfc062723c751e8b465ee728b)
Start importing Assets/Handpainted_Grass_and_Ground_Textures/Demo/terrain_layers/NewLayer 7.terrainlayer using Guid(de0b8db7bfd88a84b84cb144622fa9d4) Importer(815301076,1909f56bfc062723c751e8b465ee728b) (PreviewImporter) -> (artifact id: 'a440bd562f5e3ad6e125d09f431abd71') in 0.1859651 seconds
Number of updated asset objects reloaded before import = 0Number of asset objects unloaded after import = 2

========================================================================
Received Import Request.
  Time since last request: 0.000073 seconds.
  path: Assets/Handpainted_Grass_and_Ground_Textures/Demo/terrain_layers/NewLayer 14.terrainlayer
  artifactKey: Guid(b60800acad8aee94c9282271be786969) Importer(815301076,1909f56bfc062723c751e8b465ee728b)
Start importing Assets/Handpainted_Grass_and_Ground_Textures/Demo/terrain_layers/NewLayer 14.terrainlayer using Guid(b60800acad8aee94c9282271be786969) Importer(815301076,1909f56bfc062723c751e8b465ee728b) (PreviewImporter) -> (artifact id: '6aa9e6fb41b5173ebf80d3a205cc4616') in 0.1791822 seconds
Number of updated asset objects reloaded before import = 0Number of asset objects unloaded after import = 2

========================================================================
Received Import Request.
  Time since last request: 0.000088 seconds.
  path: Assets/Handpainted_Grass_and_Ground_Textures/Demo/terrain_layers/NewLayer 17.terrainlayer
  artifactKey: Guid(b1000b2dde0267c4b847b099f9eb8647) Importer(815301076,1909f56bfc062723c751e8b465ee728b)
Start importing Assets/Handpainted_Grass_and_Ground_Textures/Demo/terrain_layers/NewLayer 17.terrainlayer using Guid(b1000b2dde0267c4b847b099f9eb8647) Importer(815301076,1909f56bfc062723c751e8b465ee728b) (PreviewImporter) -> (artifact id: '08c173eaa6b5da4d790ed3fa6636e8c8') in 0.2781775 seconds
Number of updated asset objects reloaded before import = 0Number of asset objects unloaded after import = 2

========================================================================
Received Import Request.
  Time since last request: 0.000078 seconds.
  path: Assets/Handpainted_Grass_and_Ground_Textures/Demo/terrain_layers/NewLayer 15.terrainlayer
  artifactKey: Guid(fe3d726d2c1bd4e459b57db1302ba8e6) Importer(815301076,1909f56bfc062723c751e8b465ee728b)
Start importing Assets/Handpainted_Grass_and_Ground_Textures/Demo/terrain_layers/NewLayer 15.terrainlayer using Guid(fe3d726d2c1bd4e459b57db1302ba8e6) Importer(815301076,1909f56bfc062723c751e8b465ee728b) (PreviewImporter) -> (artifact id: '0473f4775a5d299f79814b929d4e17a9') in 0.1609356 seconds
Number of updated asset objects reloaded before import = 0Number of asset objects unloaded after import = 2

========================================================================
Received Import Request.
  Time since last request: 0.000114 seconds.
  path: Assets/Handpainted_Grass_and_Ground_Textures/Demo/terrain_layers/Grass_swamp_normal_right.terrainlayer
  artifactKey: Guid(bc8dc9884795f1a4b92567e29255bc62) Importer(815301076,1909f56bfc062723c751e8b465ee728b)
Start importing Assets/Handpainted_Grass_and_Ground_Textures/Demo/terrain_layers/Grass_swamp_normal_right.terrainlayer using Guid(bc8dc9884795f1a4b92567e29255bc62) Importer(815301076,1909f56bfc062723c751e8b465ee728b) (PreviewImporter) -> (artifact id: '6bf47cd4d8b5b87e4c7c9988b1a5333a') in 0.1935142 seconds
Number of updated asset objects reloaded before import = 0Number of asset objects unloaded after import = 2

========================================================================
Received Import Request.
  Time since last request: 0.000078 seconds.
  path: Assets/Handpainted_Grass_and_Ground_Textures/Demo/terrain_layers/NewLayer 13.terrainlayer
  artifactKey: Guid(0e4de40428c96f94297d5268d52bccf7) Importer(815301076,1909f56bfc062723c751e8b465ee728b)
Start importing Assets/Handpainted_Grass_and_Ground_Textures/Demo/terrain_layers/NewLayer 13.terrainlayer using Guid(0e4de40428c96f94297d5268d52bccf7) Importer(815301076,1909f56bfc062723c751e8b465ee728b) (PreviewImporter) -> (artifact id: '8754ff19685ad6122b640cb31cd2a0db') in 0.2394062 seconds
Number of updated asset objects reloaded before import = 0Number of asset objects unloaded after import = 2

========================================================================
Received Import Request.
  Time since last request: 0.000101 seconds.
  path: Assets/Handpainted_Grass_and_Ground_Textures/Demo/terrain_layers/NewLayer 22.terrainlayer
  artifactKey: Guid(1b7b821aade1d00429607702c5680c3a) Importer(815301076,1909f56bfc062723c751e8b465ee728b)
Start importing Assets/Handpainted_Grass_and_Ground_Textures/Demo/terrain_layers/NewLayer 22.terrainlayer using Guid(1b7b821aade1d00429607702c5680c3a) Importer(815301076,1909f56bfc062723c751e8b465ee728b) (PreviewImporter) -> (artifact id: '5a5e645d58ea142a7bc66fb710eb2e20') in 0.1793306 seconds
Number of updated asset objects reloaded before import = 0Number of asset objects unloaded after import = 2

========================================================================
Received Import Request.
  Time since last request: 0.000085 seconds.
  path: Assets/Handpainted_Grass_and_Ground_Textures/Demo/terrain_layers/Grass_desatured_up.terrainlayer
  artifactKey: Guid(3e876ba4c3fbcb44892786b86e12a40d) Importer(815301076,1909f56bfc062723c751e8b465ee728b)
Start importing Assets/Handpainted_Grass_and_Ground_Textures/Demo/terrain_layers/Grass_desatured_up.terrainlayer using Guid(3e876ba4c3fbcb44892786b86e12a40d) Importer(815301076,1909f56bfc062723c751e8b465ee728b) (PreviewImporter) -> (artifact id: '170e74cb815b4f0f3069d770956e34a3') in 0.1492213 seconds
Number of updated asset objects reloaded before import = 0Number of asset objects unloaded after import = 2

========================================================================
Received Import Request.
  Time since last request: 0.000094 seconds.
  path: Assets/Handpainted_Grass_and_Ground_Textures/Demo/terrain_layers/NewLayer 8.terrainlayer
  artifactKey: Guid(c8a0b31141c411940a86de22977c5a50) Importer(815301076,1909f56bfc062723c751e8b465ee728b)
Start importing Assets/Handpainted_Grass_and_Ground_Textures/Demo/terrain_layers/NewLayer 8.terrainlayer using Guid(c8a0b31141c411940a86de22977c5a50) Importer(815301076,1909f56bfc062723c751e8b465ee728b) (PreviewImporter) -> (artifact id: '0100facd6ee95737e65f7a6cc0805f57') in 0.1721136 seconds
Number of updated asset objects reloaded before import = 0Number of asset objects unloaded after import = 2

========================================================================
Received Import Request.
  Time since last request: 0.000065 seconds.
  path: Assets/Handpainted_Grass_and_Ground_Textures/Demo/terrain_layers/Grass_desatured_left.terrainlayer
  artifactKey: Guid(33706b97a412a2b4bb4ec1ef3b9eeb36) Importer(815301076,1909f56bfc062723c751e8b465ee728b)
Start importing Assets/Handpainted_Grass_and_Ground_Textures/Demo/terrain_layers/Grass_desatured_left.terrainlayer using Guid(33706b97a412a2b4bb4ec1ef3b9eeb36) Importer(815301076,1909f56bfc062723c751e8b465ee728b) (PreviewImporter) -> (artifact id: '8a3b70c1d8cd1250ede8e412bf7e47ac') in 0.1901181 seconds
Number of updated asset objects reloaded before import = 0Number of asset objects unloaded after import = 2

========================================================================
Received Import Request.
  Time since last request: 0.000089 seconds.
  path: Assets/Handpainted_Grass_and_Ground_Textures/Demo/terrain_layers/NewLayer 20.terrainlayer
  artifactKey: Guid(829a9ef833837a142947c8c6c1626bbc) Importer(815301076,1909f56bfc062723c751e8b465ee728b)
Start importing Assets/Handpainted_Grass_and_Ground_Textures/Demo/terrain_layers/NewLayer 20.terrainlayer using Guid(829a9ef833837a142947c8c6c1626bbc) Importer(815301076,1909f56bfc062723c751e8b465ee728b) (PreviewImporter) -> (artifact id: 'e022a68d5d3968d1ec51e2c258762031') in 0.2356318 seconds
Number of updated asset objects reloaded before import = 0Number of asset objects unloaded after import = 2

========================================================================
Received Import Request.
  Time since last request: 0.000074 seconds.
  path: Assets/Handpainted_Grass_and_Ground_Textures/Demo/terrain_layers/Grass_swamp_lighted_down.terrainlayer
  artifactKey: Guid(7652dbca45f54b2428b5131140fb55de) Importer(815301076,1909f56bfc062723c751e8b465ee728b)
Start importing Assets/Handpainted_Grass_and_Ground_Textures/Demo/terrain_layers/Grass_swamp_lighted_down.terrainlayer using Guid(7652dbca45f54b2428b5131140fb55de) Importer(815301076,1909f56bfc062723c751e8b465ee728b) (PreviewImporter) -> (artifact id: 'bbb43628b5be2596222517766eee5813') in 0.2021881 seconds
Number of updated asset objects reloaded before import = 0Number of asset objects unloaded after import = 2

========================================================================
Received Import Request.
  Time since last request: 0.000446 seconds.
  path: Assets/Polytope Studio/Lowpoly_Demos/Environment_Free/Helpers/Ground_Layer_01.terrainlayer
  artifactKey: Guid(52ac57c2c14c60b4d88913beb57dce00) Importer(815301076,1909f56bfc062723c751e8b465ee728b)
Start importing Assets/Polytope Studio/Lowpoly_Demos/Environment_Free/Helpers/Ground_Layer_01.terrainlayer using Guid(52ac57c2c14c60b4d88913beb57dce00) Importer(815301076,1909f56bfc062723c751e8b465ee728b) (PreviewImporter) -> (artifact id: 'a896813e709183150ba1bbacce090e7d') in 0.1430848 seconds
Number of updated asset objects reloaded before import = 0Number of asset objects unloaded after import = 2

========================================================================
Received Import Request.
  Time since last request: 0.000082 seconds.
  path: Assets/Handpainted_Grass_and_Ground_Textures/Demo/terrain_layers/Grass_lighted_up.terrainlayer
  artifactKey: Guid(466d1d3acac3ca2408920fe63d4cb054) Importer(815301076,1909f56bfc062723c751e8b465ee728b)
Start importing Assets/Handpainted_Grass_and_Ground_Textures/Demo/terrain_layers/Grass_lighted_up.terrainlayer using Guid(466d1d3acac3ca2408920fe63d4cb054) Importer(815301076,1909f56bfc062723c751e8b465ee728b) (PreviewImporter) -> (artifact id: 'f899bc99b87bf717cde47bc2323499ad') in 0.1962235 seconds
Number of updated asset objects reloaded before import = 0Number of asset objects unloaded after import = 2

========================================================================
Received Import Request.
  Time since last request: 0.000298 seconds.
  path: Assets/Handpainted_Grass_and_Ground_Textures/Demo/terrain_layers/NewLayer 11.terrainlayer
  artifactKey: Guid(d416920543f84ac4fa1f3409560150b0) Importer(815301076,1909f56bfc062723c751e8b465ee728b)
Start importing Assets/Handpainted_Grass_and_Ground_Textures/Demo/terrain_layers/NewLayer 11.terrainlayer using Guid(d416920543f84ac4fa1f3409560150b0) Importer(815301076,1909f56bfc062723c751e8b465ee728b) (PreviewImporter) -> (artifact id: '360f7d636adae1e2cd747b608f996664') in 0.1611428 seconds
Number of updated asset objects reloaded before import = 0Number of asset objects unloaded after import = 2

========================================================================
Received Import Request.
  Time since last request: 0.000061 seconds.
  path: Assets/Handpainted_Grass_and_Ground_Textures/Demo/terrain_layers/Grass_overcorrupted_left.terrainlayer
  artifactKey: Guid(d5ab6a74ddc1fad42bd1a498812697f4) Importer(815301076,1909f56bfc062723c751e8b465ee728b)
Start importing Assets/Handpainted_Grass_and_Ground_Textures/Demo/terrain_layers/Grass_overcorrupted_left.terrainlayer using Guid(d5ab6a74ddc1fad42bd1a498812697f4) Importer(815301076,1909f56bfc062723c751e8b465ee728b) (PreviewImporter) -> (artifact id: 'c3a9bfcc3689d6b031faa7cadecff57c') in 0.140038 seconds
Number of updated asset objects reloaded before import = 0Number of asset objects unloaded after import = 2

========================================================================
Received Import Request.
  Time since last request: 0.000098 seconds.
  path: Assets/Handpainted_Grass_and_Ground_Textures/Demo/terrain_layers/Grass_darked_down.terrainlayer
  artifactKey: Guid(8f32cc9883b377b4ebc3538ba838bff4) Importer(815301076,1909f56bfc062723c751e8b465ee728b)
Start importing Assets/Handpainted_Grass_and_Ground_Textures/Demo/terrain_layers/Grass_darked_down.terrainlayer using Guid(8f32cc9883b377b4ebc3538ba838bff4) Importer(815301076,1909f56bfc062723c751e8b465ee728b) (PreviewImporter) -> (artifact id: '48df16b2695d40f5ea43f9f3fb9fa95e') in 0.1475662 seconds
Number of updated asset objects reloaded before import = 0Number of asset objects unloaded after import = 2

========================================================================
Received Import Request.
  Time since last request: 498.354873 seconds.
  path: Assets/Handpainted_Grass_and_Ground_Textures/Textures/Dirt/dirt_clay/dirt_clay_left.png
  artifactKey: Guid(a2631e95d102e9f4886ecf675ade77b1) Importer(815301076,1909f56bfc062723c751e8b465ee728b)
Start importing Assets/Handpainted_Grass_and_Ground_Textures/Textures/Dirt/dirt_clay/dirt_clay_left.png using Guid(a2631e95d102e9f4886ecf675ade77b1) Importer(815301076,1909f56bfc062723c751e8b465ee728b) (PreviewImporter) -> (artifact id: 'f9c6ae53ee8f4da24e9ff7ceb1ceaedb') in 0.5062472 seconds
Number of updated asset objects reloaded before import = 0Number of asset objects unloaded after import = 2

========================================================================
Received Import Request.
  Time since last request: 0.000069 seconds.
  path: Assets/Handpainted_Grass_and_Ground_Textures/Textures/Dirt/dirt_clay/dirt_clay_right.png
  artifactKey: Guid(5197e5687d16e554ea60221ab38ec35c) Importer(815301076,1909f56bfc062723c751e8b465ee728b)
Start importing Assets/Handpainted_Grass_and_Ground_Textures/Textures/Dirt/dirt_clay/dirt_clay_right.png using Guid(5197e5687d16e554ea60221ab38ec35c) Importer(815301076,1909f56bfc062723c751e8b465ee728b) (PreviewImporter) -> (artifact id: 'bf1231754321a606ba96de89e1f09a0b') in 0.133977 seconds
Number of updated asset objects reloaded before import = 0Number of asset objects unloaded after import = 2

========================================================================
Received Import Request.
  Time since last request: 0.000102 seconds.
  path: Assets/Handpainted_Grass_and_Ground_Textures/Textures/Dirt/dirt_corrupted/dirt_corrupted_down.png
  artifactKey: Guid(6e03d6a07afb8314997276ef200d1f5d) Importer(815301076,1909f56bfc062723c751e8b465ee728b)
Start importing Assets/Handpainted_Grass_and_Ground_Textures/Textures/Dirt/dirt_corrupted/dirt_corrupted_down.png using Guid(6e03d6a07afb8314997276ef200d1f5d) Importer(815301076,1909f56bfc062723c751e8b465ee728b) (PreviewImporter) -> (artifact id: '2376affa0b5bb84d2f52676ccb3d492e') in 0.124231 seconds
Number of updated asset objects reloaded before import = 0Number of asset objects unloaded after import = 2

========================================================================
Received Import Request.
  Time since last request: 0.000077 seconds.
  path: Assets/Handpainted_Grass_and_Ground_Textures/Textures/Dirt/dirt_corrupted_lighted/dirt_corrupted_lighted_up.png
  artifactKey: Guid(80dd8791e62eb704ca754825e109f4e9) Importer(815301076,1909f56bfc062723c751e8b465ee728b)
Start importing Assets/Handpainted_Grass_and_Ground_Textures/Textures/Dirt/dirt_corrupted_lighted/dirt_corrupted_lighted_up.png using Guid(80dd8791e62eb704ca754825e109f4e9) Importer(815301076,1909f56bfc062723c751e8b465ee728b) (PreviewImporter) -> (artifact id: '72cf435f3608667031b08494e6c01eef') in 0.1782208 seconds
Number of updated asset objects reloaded before import = 0Number of asset objects unloaded after import = 2

========================================================================
Received Import Request.
  Time since last request: 0.000094 seconds.
  path: Assets/Handpainted_Grass_and_Ground_Textures/Textures/Dirt/dirt_lighted_rocks/dirt_lighted_rocks_left.png
  artifactKey: Guid(44539289dc168c7459c80fe1f9f061e7) Importer(815301076,1909f56bfc062723c751e8b465ee728b)
Start importing Assets/Handpainted_Grass_and_Ground_Textures/Textures/Dirt/dirt_lighted_rocks/dirt_lighted_rocks_left.png using Guid(44539289dc168c7459c80fe1f9f061e7) Importer(815301076,1909f56bfc062723c751e8b465ee728b) (PreviewImporter) -> (artifact id: '3062644aa6131926e40c299a45ccf3ea') in 0.1309482 seconds
Number of updated asset objects reloaded before import = 0Number of asset objects unloaded after import = 2

========================================================================
Received Import Request.
  Time since last request: 0.000074 seconds.
  path: Assets/Handpainted_Grass_and_Ground_Textures/Textures/Dirt/dirt_corrupted_lighted/dirt_corrupted_lighted_right.png
  artifactKey: Guid(a8b21c15a07a5d04e80f51b1f3f5d1b8) Importer(815301076,1909f56bfc062723c751e8b465ee728b)
Start importing Assets/Handpainted_Grass_and_Ground_Textures/Textures/Dirt/dirt_corrupted_lighted/dirt_corrupted_lighted_right.png using Guid(a8b21c15a07a5d04e80f51b1f3f5d1b8) Importer(815301076,1909f56bfc062723c751e8b465ee728b) (PreviewImporter) -> (artifact id: 'd5366ec4aa2d5fc639da79c8331b8c78') in 0.1300335 seconds
Number of updated asset objects reloaded before import = 0Number of asset objects unloaded after import = 2

========================================================================
Received Import Request.
  Time since last request: 0.000108 seconds.
  path: Assets/Handpainted_Grass_and_Ground_Textures/Textures/Dirt/dirt_corrupted_lighted/dirt_corrupted_lighted_left.png
  artifactKey: Guid(af5d8a637252654458c60eba7ad36bae) Importer(815301076,1909f56bfc062723c751e8b465ee728b)
Start importing Assets/Handpainted_Grass_and_Ground_Textures/Textures/Dirt/dirt_corrupted_lighted/dirt_corrupted_lighted_left.png using Guid(af5d8a637252654458c60eba7ad36bae) Importer(815301076,1909f56bfc062723c751e8b465ee728b) (PreviewImporter) -> (artifact id: '30470d31caa7eedf439b86480155e50f') in 0.1599236 seconds
Number of updated asset objects reloaded before import = 0Number of asset objects unloaded after import = 2

========================================================================
Received Import Request.
  Time since last request: 0.000085 seconds.
  path: Assets/Handpainted_Grass_and_Ground_Textures/Textures/Dirt/dirt_claydarked/dirt_claydarked_right.png
  artifactKey: Guid(495a8937383d3784588fc6a9bb626098) Importer(815301076,1909f56bfc062723c751e8b465ee728b)
Start importing Assets/Handpainted_Grass_and_Ground_Textures/Textures/Dirt/dirt_claydarked/dirt_claydarked_right.png using Guid(495a8937383d3784588fc6a9bb626098) Importer(815301076,1909f56bfc062723c751e8b465ee728b) (PreviewImporter) -> (artifact id: '89fedfb9e000f17993f11d124a8b6943') in 0.3210285 seconds
Number of updated asset objects reloaded before import = 0Number of asset objects unloaded after import = 2

========================================================================
Received Import Request.
  Time since last request: 0.000074 seconds.
  path: Assets/Handpainted_Grass_and_Ground_Textures/Textures/Dirt/dirt_normal/dirt_normal_right.png
  artifactKey: Guid(ff9814537d0ed194cbbac0f2bb3086bc) Importer(815301076,1909f56bfc062723c751e8b465ee728b)
Start importing Assets/Handpainted_Grass_and_Ground_Textures/Textures/Dirt/dirt_normal/dirt_normal_right.png using Guid(ff9814537d0ed194cbbac0f2bb3086bc) Importer(815301076,1909f56bfc062723c751e8b465ee728b) (PreviewImporter) -> (artifact id: '3ce106b8b5d6944a359071169b8acf3e') in 0.1767931 seconds
Number of updated asset objects reloaded before import = 0Number of asset objects unloaded after import = 2

========================================================================
Received Import Request.
  Time since last request: 0.000086 seconds.
  path: Assets/Handpainted_Grass_and_Ground_Textures/Textures/Dirt/dirt_overcorrupted/dirt_overcorrupted_down.png
  artifactKey: Guid(87a98dc20286b194c8e608e017e9150a) Importer(815301076,1909f56bfc062723c751e8b465ee728b)
Start importing Assets/Handpainted_Grass_and_Ground_Textures/Textures/Dirt/dirt_overcorrupted/dirt_overcorrupted_down.png using Guid(87a98dc20286b194c8e608e017e9150a) Importer(815301076,1909f56bfc062723c751e8b465ee728b) (PreviewImporter) -> (artifact id: 'be2cfc46e0896cd8f61ddec146f147d9') in 0.235442 seconds
Number of updated asset objects reloaded before import = 0Number of asset objects unloaded after import = 2

========================================================================
Received Import Request.
  Time since last request: 0.000099 seconds.
  path: Assets/Handpainted_Grass_and_Ground_Textures/Textures/Grass/Grass_normal/Grass_normal_down.png
  artifactKey: Guid(3d7e23f397bd4e347bc2a33df00d0897) Importer(815301076,1909f56bfc062723c751e8b465ee728b)
Start importing Assets/Handpainted_Grass_and_Ground_Textures/Textures/Grass/Grass_normal/Grass_normal_down.png using Guid(3d7e23f397bd4e347bc2a33df00d0897) Importer(815301076,1909f56bfc062723c751e8b465ee728b) (PreviewImporter) -> (artifact id: '65067a09f756f674b5d5646e54c459b8') in 0.1376342 seconds
Number of updated asset objects reloaded before import = 0Number of asset objects unloaded after import = 2

========================================================================
Received Import Request.
  Time since last request: 0.000060 seconds.
  path: Assets/Handpainted_Grass_and_Ground_Textures/Textures/Grass/Grass_swamp_dark/Grass_swamp_dark_up.png
  artifactKey: Guid(62a8bc25af5c388458823063b0415e1f) Importer(815301076,1909f56bfc062723c751e8b465ee728b)
Start importing Assets/Handpainted_Grass_and_Ground_Textures/Textures/Grass/Grass_swamp_dark/Grass_swamp_dark_up.png using Guid(62a8bc25af5c388458823063b0415e1f) Importer(815301076,1909f56bfc062723c751e8b465ee728b) (PreviewImporter) -> (artifact id: '2a879b03116d0bb32ba049ea803216d4') in 0.0705244 seconds
Number of updated asset objects reloaded before import = 0Number of asset objects unloaded after import = 2

========================================================================
Received Import Request.
  Time since last request: 0.000095 seconds.
  path: Assets/Handpainted_Grass_and_Ground_Textures/Textures/Grass/Grass_overcorrupted/Grass_overcorrupted_down.png
  artifactKey: Guid(8acdc6d940b8a594792bbae9f254ed32) Importer(815301076,1909f56bfc062723c751e8b465ee728b)
Start importing Assets/Handpainted_Grass_and_Ground_Textures/Textures/Grass/Grass_overcorrupted/Grass_overcorrupted_down.png using Guid(8acdc6d940b8a594792bbae9f254ed32) Importer(815301076,1909f56bfc062723c751e8b465ee728b) (PreviewImporter) -> (artifact id: '5f2c8147ca01fa9a213cfb9fc8a761e5') in 1.0298543 seconds
Number of updated asset objects reloaded before import = 0Number of asset objects unloaded after import = 2

========================================================================
Received Import Request.
  Time since last request: 0.000164 seconds.
  path: Assets/Handpainted_Grass_and_Ground_Textures/Textures/Snow/snow_step_007.png
  artifactKey: Guid(acf74e6093c374f47b71acab15537e5a) Importer(815301076,1909f56bfc062723c751e8b465ee728b)
Start importing Assets/Handpainted_Grass_and_Ground_Textures/Textures/Snow/snow_step_007.png using Guid(acf74e6093c374f47b71acab15537e5a) Importer(815301076,1909f56bfc062723c751e8b465ee728b) (PreviewImporter) -> (artifact id: '60ff7d11217619af998c02f989201d19') in 0.1031793 seconds
Number of updated asset objects reloaded before import = 0Number of asset objects unloaded after import = 2

========================================================================
Received Import Request.
  Time since last request: 0.000136 seconds.
  path: Assets/Handpainted_Grass_and_Ground_Textures/Textures/Snow/snow_super_dark_step_005.png
  artifactKey: Guid(ac04715e484b8be41836b14e295d28dc) Importer(815301076,1909f56bfc062723c751e8b465ee728b)
Start importing Assets/Handpainted_Grass_and_Ground_Textures/Textures/Snow/snow_super_dark_step_005.png using Guid(ac04715e484b8be41836b14e295d28dc) Importer(815301076,1909f56bfc062723c751e8b465ee728b) (PreviewImporter) -> (artifact id: 'b8bc40a70520d091aa9fb56193fb9402') in 0.2043761 seconds
Number of updated asset objects reloaded before import = 0Number of asset objects unloaded after import = 2

========================================================================
Received Import Request.
  Time since last request: 0.000077 seconds.
  path: Assets/Polytope Studio/Lowpoly_Demos/Environment_Free/Helpers/Terrain/TerrainData_d3c37e8d-6092-48f4-b81e-93b97326e4d2.asset
  artifactKey: Guid(dbe8ee5abb1344a4e8a8b80348f13db8) Importer(815301076,1909f56bfc062723c751e8b465ee728b)
Start importing Assets/Polytope Studio/Lowpoly_Demos/Environment_Free/Helpers/Terrain/TerrainData_d3c37e8d-6092-48f4-b81e-93b97326e4d2.asset using Guid(dbe8ee5abb1344a4e8a8b80348f13db8) Importer(815301076,1909f56bfc062723c751e8b465ee728b) (PreviewImporter) -> (artifact id: 'b4b7188a8e670bec7741682bb0bd5a84') in 0.5274261 seconds
Number of updated asset objects reloaded before import = 0Number of asset objects unloaded after import = 24

========================================================================
Received Import Request.
  Time since last request: 0.000129 seconds.
  path: Assets/Handpainted_Grass_and_Ground_Textures/Textures/Snow/snow_dark_step_006.png
  artifactKey: Guid(42273ea91cdd8f640811c58fc4249ba9) Importer(815301076,1909f56bfc062723c751e8b465ee728b)
Start importing Assets/Handpainted_Grass_and_Ground_Textures/Textures/Snow/snow_dark_step_006.png using Guid(42273ea91cdd8f640811c58fc4249ba9) Importer(815301076,1909f56bfc062723c751e8b465ee728b) (PreviewImporter) -> (artifact id: 'dda6ed10078aec1ed692456fb22b8068') in 0.2939408 seconds
Number of updated asset objects reloaded before import = 0Number of asset objects unloaded after import = 2

========================================================================
Received Import Request.
  Time since last request: 0.000079 seconds.
  path: Assets/Polytope Studio/Lowpoly_Demos/Environment_Free/Helpers/Terrain/New Terrain.asset
  artifactKey: Guid(e0829138c40f356458f259edb063d67a) Importer(815301076,1909f56bfc062723c751e8b465ee728b)
Start importing Assets/Polytope Studio/Lowpoly_Demos/Environment_Free/Helpers/Terrain/New Terrain.asset using Guid(e0829138c40f356458f259edb063d67a) Importer(815301076,1909f56bfc062723c751e8b465ee728b) (PreviewImporter)The tree PT_Pine_Tree_03_stump must use the Nature/Soft Occlusion shader. Otherwise billboarding/lighting will not work correctly.
The tree PT_Fruit_Tree_01_logs must use the Nature/Soft Occlusion shader. Otherwise billboarding/lighting will not work correctly.
 -> (artifact id: '0aad8346fb30bbf027d6e8bb38944104') in 1.4540953 seconds
Number of updated asset objects reloaded before import = 0Number of asset objects unloaded after import = 310

========================================================================
Received Import Request.
  Time since last request: 0.000121 seconds.
  path: Assets/Handpainted_Grass_and_Ground_Textures/Textures/Snow/snow_dark.png
  artifactKey: Guid(168ed7b3c5d0c8f438a62bbfbb32514a) Importer(815301076,1909f56bfc062723c751e8b465ee728b)
Start importing Assets/Handpainted_Grass_and_Ground_Textures/Textures/Snow/snow_dark.png using Guid(168ed7b3c5d0c8f438a62bbfbb32514a) Importer(815301076,1909f56bfc062723c751e8b465ee728b) (PreviewImporter) -> (artifact id: '232b7080b2cf0de24562c6c34cc3324f') in 0.2247461 seconds
Number of updated asset objects reloaded before import = 0Number of asset objects unloaded after import = 2

========================================================================
Received Import Request.
  Time since last request: 0.000058 seconds.
  path: Assets/Handpainted_Grass_and_Ground_Textures/Textures/Grass/Grass_darked/Grass_darked_down.png
  artifactKey: Guid(9234305f12ded3442b911c3ff978d340) Importer(815301076,1909f56bfc062723c751e8b465ee728b)
Start importing Assets/Handpainted_Grass_and_Ground_Textures/Textures/Grass/Grass_darked/Grass_darked_down.png using Guid(9234305f12ded3442b911c3ff978d340) Importer(815301076,1909f56bfc062723c751e8b465ee728b) (PreviewImporter) -> (artifact id: '2fdf54858d74fd6ab5804a2658689345') in 0.1420284 seconds
Number of updated asset objects reloaded before import = 0Number of asset objects unloaded after import = 2

========================================================================
Received Import Request.
  Time since last request: 0.000138 seconds.
  path: Assets/Handpainted_Grass_and_Ground_Textures/Textures/Snow/snow_super_dark_step_006.png
  artifactKey: Guid(1f7e9ba89527ba14d913140cfca0bb10) Importer(815301076,1909f56bfc062723c751e8b465ee728b)
Start importing Assets/Handpainted_Grass_and_Ground_Textures/Textures/Snow/snow_super_dark_step_006.png using Guid(1f7e9ba89527ba14d913140cfca0bb10) Importer(815301076,1909f56bfc062723c751e8b465ee728b) (PreviewImporter) -> (artifact id: 'bb27dd253ffcec42900f45750fbb30ab') in 0.1611064 seconds
Number of updated asset objects reloaded before import = 0Number of asset objects unloaded after import = 2

========================================================================
Received Import Request.
  Time since last request: 0.000071 seconds.
  path: Assets/Handpainted_Grass_and_Ground_Textures/Textures/Grass/Grass_bluetint/Grass_bluetint_down.png
  artifactKey: Guid(5ec0f071b81b63241967c85ddfc73ff8) Importer(815301076,1909f56bfc062723c751e8b465ee728b)
Start importing Assets/Handpainted_Grass_and_Ground_Textures/Textures/Grass/Grass_bluetint/Grass_bluetint_down.png using Guid(5ec0f071b81b63241967c85ddfc73ff8) Importer(815301076,1909f56bfc062723c751e8b465ee728b) (PreviewImporter) -> (artifact id: 'e40749a55fe31b00af165ac876150031') in 0.190453 seconds
Number of updated asset objects reloaded before import = 0Number of asset objects unloaded after import = 2

========================================================================
Received Import Request.
  Time since last request: 0.000078 seconds.
  path: Assets/Handpainted_Grass_and_Ground_Textures/Textures/Grass/Grass_corrupted/Grass_corrupted_up.png
  artifactKey: Guid(a6ee5260deb44d247ae90120ee36766b) Importer(815301076,1909f56bfc062723c751e8b465ee728b)
Start importing Assets/Handpainted_Grass_and_Ground_Textures/Textures/Grass/Grass_corrupted/Grass_corrupted_up.png using Guid(a6ee5260deb44d247ae90120ee36766b) Importer(815301076,1909f56bfc062723c751e8b465ee728b) (PreviewImporter) -> (artifact id: 'd6dc4a00a0dbbee4ff005d08ca84e1a0') in 0.2200557 seconds
Number of updated asset objects reloaded before import = 0Number of asset objects unloaded after import = 2

========================================================================
Received Import Request.
  Time since last request: 0.000076 seconds.
  path: Assets/Handpainted_Grass_and_Ground_Textures/Textures/Snow/snow_super_dark_step_002.png
  artifactKey: Guid(84bb7ba2fb5ef634886aaa8fc78b15a3) Importer(815301076,1909f56bfc062723c751e8b465ee728b)
Start importing Assets/Handpainted_Grass_and_Ground_Textures/Textures/Snow/snow_super_dark_step_002.png using Guid(84bb7ba2fb5ef634886aaa8fc78b15a3) Importer(815301076,1909f56bfc062723c751e8b465ee728b) (PreviewImporter) -> (artifact id: '79e05af35aded57b7fbba47c445c7b6c') in 0.2642339 seconds
Number of updated asset objects reloaded before import = 0Number of asset objects unloaded after import = 2

========================================================================
Received Import Request.
  Time since last request: 0.000097 seconds.
  path: Assets/Handpainted_Grass_and_Ground_Textures/Textures/Snow/snow_dark_step_001.png
  artifactKey: Guid(480fe2806ca582249bb9e199a21335b6) Importer(815301076,1909f56bfc062723c751e8b465ee728b)
Start importing Assets/Handpainted_Grass_and_Ground_Textures/Textures/Snow/snow_dark_step_001.png using Guid(480fe2806ca582249bb9e199a21335b6) Importer(815301076,1909f56bfc062723c751e8b465ee728b) (PreviewImporter) -> (artifact id: 'a8d334f171b02bc32d41a5ff9907a596') in 0.1344543 seconds
Number of updated asset objects reloaded before import = 0Number of asset objects unloaded after import = 2

========================================================================
Received Import Request.
  Time since last request: 0.000064 seconds.
  path: Assets/Handpainted_Grass_and_Ground_Textures/Textures/Grass/Grass_swamp_dark/Grass_swamp_dark_down.png
  artifactKey: Guid(fbbb6bbb9d3869c4e9cbda0884c281a2) Importer(815301076,1909f56bfc062723c751e8b465ee728b)
Start importing Assets/Handpainted_Grass_and_Ground_Textures/Textures/Grass/Grass_swamp_dark/Grass_swamp_dark_down.png using Guid(fbbb6bbb9d3869c4e9cbda0884c281a2) Importer(815301076,1909f56bfc062723c751e8b465ee728b) (PreviewImporter) -> (artifact id: 'd1acacc4f1998c9359ef3bcc582961ae') in 0.2075411 seconds
Number of updated asset objects reloaded before import = 0Number of asset objects unloaded after import = 2

========================================================================
Received Import Request.
  Time since last request: 0.000086 seconds.
  path: Assets/Handpainted_Grass_and_Ground_Textures/Textures/Dirt/dirt_overcorrupted/dirt_overcorrupted_left.png
  artifactKey: Guid(764d25cbe34d80248aa19a09604d65bb) Importer(815301076,1909f56bfc062723c751e8b465ee728b)
Start importing Assets/Handpainted_Grass_and_Ground_Textures/Textures/Dirt/dirt_overcorrupted/dirt_overcorrupted_left.png using Guid(764d25cbe34d80248aa19a09604d65bb) Importer(815301076,1909f56bfc062723c751e8b465ee728b) (PreviewImporter) -> (artifact id: '7b966c748fc9aea81574ef18f2f287b4') in 0.1232119 seconds
Number of updated asset objects reloaded before import = 0Number of asset objects unloaded after import = 2

========================================================================
Received Import Request.
  Time since last request: 0.000071 seconds.
  path: Assets/Handpainted_Grass_and_Ground_Textures/Textures/Grass/Grass_lighted/Grass_lighted_right.png
  artifactKey: Guid(1cc842c6c568a764eaec781aab3e01b5) Importer(815301076,1909f56bfc062723c751e8b465ee728b)
Start importing Assets/Handpainted_Grass_and_Ground_Textures/Textures/Grass/Grass_lighted/Grass_lighted_right.png using Guid(1cc842c6c568a764eaec781aab3e01b5) Importer(815301076,1909f56bfc062723c751e8b465ee728b) (PreviewImporter) -> (artifact id: '390206cef41341a9ffb9a8045b2590f4') in 0.1364878 seconds
Number of updated asset objects reloaded before import = 0Number of asset objects unloaded after import = 2

========================================================================
Received Import Request.
  Time since last request: 0.000078 seconds.
  path: Assets/Handpainted_Grass_and_Ground_Textures/Textures/Grass/Grass_swamp_lighted/Grass_swamp_lighted_up.png
  artifactKey: Guid(388f2f1cf74926b4b87216b23523d64d) Importer(815301076,1909f56bfc062723c751e8b465ee728b)
Start importing Assets/Handpainted_Grass_and_Ground_Textures/Textures/Grass/Grass_swamp_lighted/Grass_swamp_lighted_up.png using Guid(388f2f1cf74926b4b87216b23523d64d) Importer(815301076,1909f56bfc062723c751e8b465ee728b) (PreviewImporter) -> (artifact id: '384cb9fe235ad09712a00a5663b3bfe0') in 0.2042012 seconds
Number of updated asset objects reloaded before import = 0Number of asset objects unloaded after import = 2

========================================================================
Received Import Request.
  Time since last request: 0.000129 seconds.
  path: Assets/Handpainted_Grass_and_Ground_Textures/Textures/Dirt/dirt_normal/dirt_normal_left.png
  artifactKey: Guid(564301c44b28a8a4288812f7d3327726) Importer(815301076,1909f56bfc062723c751e8b465ee728b)
Start importing Assets/Handpainted_Grass_and_Ground_Textures/Textures/Dirt/dirt_normal/dirt_normal_left.png using Guid(564301c44b28a8a4288812f7d3327726) Importer(815301076,1909f56bfc062723c751e8b465ee728b) (PreviewImporter) -> (artifact id: '0a91b0209e1b4274567ed33c9ad8827e') in 0.1752656 seconds
Number of updated asset objects reloaded before import = 0Number of asset objects unloaded after import = 2

========================================================================
Received Import Request.
  Time since last request: 0.000079 seconds.
  path: Assets/Handpainted_Grass_and_Ground_Textures/Textures/Grass/Grass_overcorrupted/Grass_overcorrupted_left.png
  artifactKey: Guid(73a2b7bd437d85b4f94fcb42c2f94287) Importer(815301076,1909f56bfc062723c751e8b465ee728b)
Start importing Assets/Handpainted_Grass_and_Ground_Textures/Textures/Grass/Grass_overcorrupted/Grass_overcorrupted_left.png using Guid(73a2b7bd437d85b4f94fcb42c2f94287) Importer(815301076,1909f56bfc062723c751e8b465ee728b) (PreviewImporter) -> (artifact id: 'bfe0c5107ea8e8360d6b6f9ac67963c0') in 0.133065 seconds
Number of updated asset objects reloaded before import = 0Number of asset objects unloaded after import = 2

========================================================================
Received Import Request.
  Time since last request: 0.000092 seconds.
  path: Assets/Handpainted_Grass_and_Ground_Textures/Textures/Dirt/dirt_overcorrupted/dirt_overcorrupted_up.png
  artifactKey: Guid(7f322789625325f40af5296c839409dd) Importer(815301076,1909f56bfc062723c751e8b465ee728b)
Start importing Assets/Handpainted_Grass_and_Ground_Textures/Textures/Dirt/dirt_overcorrupted/dirt_overcorrupted_up.png using Guid(7f322789625325f40af5296c839409dd) Importer(815301076,1909f56bfc062723c751e8b465ee728b) (PreviewImporter) -> (artifact id: 'ea04849375d8c93174e3faf7f1bbf11c') in 0.425932 seconds
Number of updated asset objects reloaded before import = 0Number of asset objects unloaded after import = 2

========================================================================
Received Import Request.
  Time since last request: 0.000105 seconds.
  path: Assets/Handpainted_Grass_and_Ground_Textures/Textures/Dirt/dirt_lighted_rocks/dirt_lighted_rocks_up.png
  artifactKey: Guid(23434846625707a47a591d9f045898fb) Importer(815301076,1909f56bfc062723c751e8b465ee728b)
Start importing Assets/Handpainted_Grass_and_Ground_Textures/Textures/Dirt/dirt_lighted_rocks/dirt_lighted_rocks_up.png using Guid(23434846625707a47a591d9f045898fb) Importer(815301076,1909f56bfc062723c751e8b465ee728b) (PreviewImporter) -> (artifact id: '478caf4772cd105cc9af3eb9448af255') in 0.1565103 seconds
Number of updated asset objects reloaded before import = 0Number of asset objects unloaded after import = 2

========================================================================
Received Import Request.
  Time since last request: 0.000059 seconds.
  path: Assets/Handpainted_Grass_and_Ground_Textures/Textures/Dirt/dirt_claydarked/dirt_claydarked_down.png
  artifactKey: Guid(a207d850508a70c46b922ceafbea7a7b) Importer(815301076,1909f56bfc062723c751e8b465ee728b)
Start importing Assets/Handpainted_Grass_and_Ground_Textures/Textures/Dirt/dirt_claydarked/dirt_claydarked_down.png using Guid(a207d850508a70c46b922ceafbea7a7b) Importer(815301076,1909f56bfc062723c751e8b465ee728b) (PreviewImporter) -> (artifact id: 'ad4e58d96a37eee7d426660d584f933a') in 0.2064881 seconds
Number of updated asset objects reloaded before import = 0Number of asset objects unloaded after import = 2

========================================================================
Received Import Request.
  Time since last request: 0.000080 seconds.
  path: Assets/Handpainted_Grass_and_Ground_Textures/Textures/Snow/snow_super_dark_step_003.png
  artifactKey: Guid(450dfeeb2b9a91842a8ea806175869b1) Importer(815301076,1909f56bfc062723c751e8b465ee728b)
Start importing Assets/Handpainted_Grass_and_Ground_Textures/Textures/Snow/snow_super_dark_step_003.png using Guid(450dfeeb2b9a91842a8ea806175869b1) Importer(815301076,1909f56bfc062723c751e8b465ee728b) (PreviewImporter) -> (artifact id: '765f359aa7cc6ff9e8519ee7a657c772') in 0.2095576 seconds
Number of updated asset objects reloaded before import = 0Number of asset objects unloaded after import = 2

========================================================================
Received Import Request.
  Time since last request: 0.000085 seconds.
  path: Assets/Handpainted_Grass_and_Ground_Textures/Textures/Snow/snow_step_004.png
  artifactKey: Guid(35896bdd91471e340a9d5fcf6a3a0d2f) Importer(815301076,1909f56bfc062723c751e8b465ee728b)
Start importing Assets/Handpainted_Grass_and_Ground_Textures/Textures/Snow/snow_step_004.png using Guid(35896bdd91471e340a9d5fcf6a3a0d2f) Importer(815301076,1909f56bfc062723c751e8b465ee728b) (PreviewImporter) -> (artifact id: '8f65c6a755cf4fb09b36653ff21c1dff') in 0.2187703 seconds
Number of updated asset objects reloaded before import = 0Number of asset objects unloaded after import = 2

========================================================================
Received Import Request.
  Time since last request: 0.000267 seconds.
  path: Assets/Polytope Studio/Lowpoly_Environments/Sources/Textures/PT_Fruit_Tree_Flowers_01.png
  artifactKey: Guid(724a83e90c1cd7b4b9d1b71dd08962b6) Importer(815301076,1909f56bfc062723c751e8b465ee728b)
Start importing Assets/Polytope Studio/Lowpoly_Environments/Sources/Textures/PT_Fruit_Tree_Flowers_01.png using Guid(724a83e90c1cd7b4b9d1b71dd08962b6) Importer(815301076,1909f56bfc062723c751e8b465ee728b) (PreviewImporter) -> (artifact id: 'f16cff7c7724c9386c465f99b5c0508e') in 0.2153859 seconds
Number of updated asset objects reloaded before import = 0Number of asset objects unloaded after import = 2

========================================================================
Received Import Request.
  Time since last request: 0.000071 seconds.
  path: Assets/Polytope Studio/Lowpoly_Environments/Sources/Textures/PT_Grass_03.png
  artifactKey: Guid(44ec7a3e14f0b854d8926cad83222db5) Importer(815301076,1909f56bfc062723c751e8b465ee728b)
Start importing Assets/Polytope Studio/Lowpoly_Environments/Sources/Textures/PT_Grass_03.png using Guid(44ec7a3e14f0b854d8926cad83222db5) Importer(815301076,1909f56bfc062723c751e8b465ee728b) (PreviewImporter) -> (artifact id: '22cf940323151134049db0c29694c39e') in 0.1395597 seconds
Number of updated asset objects reloaded before import = 0Number of asset objects unloaded after import = 2

========================================================================
Received Import Request.
  Time since last request: 0.000107 seconds.
  path: Assets/Polytope Studio/Lowpoly_Environments/Sources/Textures/PT_Poppy_01.png
  artifactKey: Guid(e0eab39b8993b684dbb9800cf1151d33) Importer(815301076,1909f56bfc062723c751e8b465ee728b)
Start importing Assets/Polytope Studio/Lowpoly_Environments/Sources/Textures/PT_Poppy_01.png using Guid(e0eab39b8993b684dbb9800cf1151d33) Importer(815301076,1909f56bfc062723c751e8b465ee728b) (PreviewImporter) -> (artifact id: '4273915829eaf69cff59641bf5839304') in 0.1298824 seconds
Number of updated asset objects reloaded before import = 0Number of asset objects unloaded after import = 2

========================================================================
Received Import Request.
  Time since last request: 0.000085 seconds.
  path: Assets/Polytope Studio/Lowpoly_Village/Sources/Textures/PT_texture.tga
  artifactKey: Guid(16357eda3fc18dd459a8218b92769643) Importer(815301076,1909f56bfc062723c751e8b465ee728b)
Start importing Assets/Polytope Studio/Lowpoly_Village/Sources/Textures/PT_texture.tga using Guid(16357eda3fc18dd459a8218b92769643) Importer(815301076,1909f56bfc062723c751e8b465ee728b) (PreviewImporter) -> (artifact id: 'b6a05c59d809a2d2ad380f62f10d35de') in 0.0949674 seconds
Number of updated asset objects reloaded before import = 0Number of asset objects unloaded after import = 2

========================================================================
Received Import Request.
  Time since last request: 0.000095 seconds.
  path: Assets/Handpainted_Grass_and_Ground_Textures/Textures/Dirt/dirt_lighted/dirt_lighted_down.png
  artifactKey: Guid(16fdc16af892fc745890a4d5720a58dd) Importer(815301076,1909f56bfc062723c751e8b465ee728b)
Start importing Assets/Handpainted_Grass_and_Ground_Textures/Textures/Dirt/dirt_lighted/dirt_lighted_down.png using Guid(16fdc16af892fc745890a4d5720a58dd) Importer(815301076,1909f56bfc062723c751e8b465ee728b) (PreviewImporter) -> (artifact id: '202b80e04c3b2f5b2e28a917b3fed370') in 0.1695229 seconds
Number of updated asset objects reloaded before import = 0Number of asset objects unloaded after import = 2

========================================================================
Received Import Request.
  Time since last request: 0.000071 seconds.
  path: Assets/New Terrain.asset
  artifactKey: Guid(fdb8348f5dbe1044e834510cb3e3192e) Importer(815301076,1909f56bfc062723c751e8b465ee728b)
Start importing Assets/New Terrain.asset using Guid(fdb8348f5dbe1044e834510cb3e3192e) Importer(815301076,1909f56bfc062723c751e8b465ee728b) (PreviewImporter) -> (artifact id: '19afe3156b6ed4eb8111704c4c0635da') in 0.4427924 seconds
Number of updated asset objects reloaded before import = 0Number of asset objects unloaded after import = 3

========================================================================
Received Import Request.
  Time since last request: 0.000100 seconds.
  path: Assets/Handpainted_Grass_and_Ground_Textures/Textures/Snow/snow_normal.png
  artifactKey: Guid(75b807f3d28ec1644aeac1e8f4a2d857) Importer(815301076,1909f56bfc062723c751e8b465ee728b)
Start importing Assets/Handpainted_Grass_and_Ground_Textures/Textures/Snow/snow_normal.png using Guid(75b807f3d28ec1644aeac1e8f4a2d857) Importer(815301076,1909f56bfc062723c751e8b465ee728b) (PreviewImporter) -> (artifact id: 'c9c1460579c432381c83d27026e3037b') in 0.2342433 seconds
Number of updated asset objects reloaded before import = 0Number of asset objects unloaded after import = 2

========================================================================
Received Import Request.
  Time since last request: 0.000059 seconds.
  path: Assets/Handpainted_Grass_and_Ground_Textures/Textures/Grass/Grass_corrupted/Grass_corrupted_right.png
  artifactKey: Guid(1751e30d5bcaf6e48853598b21d34826) Importer(815301076,1909f56bfc062723c751e8b465ee728b)
Start importing Assets/Handpainted_Grass_and_Ground_Textures/Textures/Grass/Grass_corrupted/Grass_corrupted_right.png using Guid(1751e30d5bcaf6e48853598b21d34826) Importer(815301076,1909f56bfc062723c751e8b465ee728b) (PreviewImporter) -> (artifact id: '7ab6e958a0761f70d910e312f86dbe82') in 0.1805597 seconds
Number of updated asset objects reloaded before import = 0Number of asset objects unloaded after import = 2

========================================================================
Received Import Request.
  Time since last request: 0.000095 seconds.
  path: Assets/Handpainted_Grass_and_Ground_Textures/Textures/Grass/Grass_swamp_dark/Grass_swamp_dark_right.png
  artifactKey: Guid(ebd860c0227aa48418f02eb2af1438b1) Importer(815301076,1909f56bfc062723c751e8b465ee728b)
Start importing Assets/Handpainted_Grass_and_Ground_Textures/Textures/Grass/Grass_swamp_dark/Grass_swamp_dark_right.png using Guid(ebd860c0227aa48418f02eb2af1438b1) Importer(815301076,1909f56bfc062723c751e8b465ee728b) (PreviewImporter) -> (artifact id: '8eaa77d0c2c906caeeaf7f04e3bdf697') in 0.1860701 seconds
Number of updated asset objects reloaded before import = 0Number of asset objects unloaded after import = 2

========================================================================
Received Import Request.
  Time since last request: 0.000082 seconds.
  path: Assets/Handpainted_Grass_and_Ground_Textures/Textures/Grass/Grass_normal/Grass_normal_up.png
  artifactKey: Guid(deb64ef6450ec574db0af67225551acf) Importer(815301076,1909f56bfc062723c751e8b465ee728b)
Start importing Assets/Handpainted_Grass_and_Ground_Textures/Textures/Grass/Grass_normal/Grass_normal_up.png using Guid(deb64ef6450ec574db0af67225551acf) Importer(815301076,1909f56bfc062723c751e8b465ee728b) (PreviewImporter) -> (artifact id: 'da1a46b99d3c7925cdefcdea67983465') in 0.1994316 seconds
Number of updated asset objects reloaded before import = 0Number of asset objects unloaded after import = 2

========================================================================
Received Import Request.
  Time since last request: 0.000098 seconds.
  path: Assets/Polytope Studio/Lowpoly_Environments/Sources/Textures/PT_Grass_High_03.png
  artifactKey: Guid(4d7ad2aaddf58dc4e8dc116239a8d744) Importer(815301076,1909f56bfc062723c751e8b465ee728b)
Start importing Assets/Polytope Studio/Lowpoly_Environments/Sources/Textures/PT_Grass_High_03.png using Guid(4d7ad2aaddf58dc4e8dc116239a8d744) Importer(815301076,1909f56bfc062723c751e8b465ee728b) (PreviewImporter) -> (artifact id: '56a1b82082c86dccdce70766745d1006') in 0.1635363 seconds
Number of updated asset objects reloaded before import = 0Number of asset objects unloaded after import = 2

========================================================================
Received Import Request.
  Time since last request: 0.000066 seconds.
  path: Assets/Polytope Studio/Lowpoly_Environments/Sources/Textures/PT_Pine_Tree_01.png
  artifactKey: Guid(47c82777887e3fc46bc141849b1b3ccb) Importer(815301076,1909f56bfc062723c751e8b465ee728b)
Start importing Assets/Polytope Studio/Lowpoly_Environments/Sources/Textures/PT_Pine_Tree_01.png using Guid(47c82777887e3fc46bc141849b1b3ccb) Importer(815301076,1909f56bfc062723c751e8b465ee728b) (PreviewImporter) -> (artifact id: 'e4f0a2a5dc2d11a490897c8333d1eeb9') in 0.427158 seconds
Number of updated asset objects reloaded before import = 0Number of asset objects unloaded after import = 2

========================================================================
Received Import Request.
  Time since last request: 0.000101 seconds.
  path: Assets/Polytope Studio/Lowpoly_Environments/Sources/Textures/PT_Grass_High_01.png
  artifactKey: Guid(b458cb1c79cb9894196830046f2621fa) Importer(815301076,1909f56bfc062723c751e8b465ee728b)
Start importing Assets/Polytope Studio/Lowpoly_Environments/Sources/Textures/PT_Grass_High_01.png using Guid(b458cb1c79cb9894196830046f2621fa) Importer(815301076,1909f56bfc062723c751e8b465ee728b) (PreviewImporter) -> (artifact id: '0bb0a590bd1cd1abafc1cfe774a355b8') in 0.2317015 seconds
Number of updated asset objects reloaded before import = 0Number of asset objects unloaded after import = 2

========================================================================
Received Import Request.
  Time since last request: 0.000062 seconds.
  path: Assets/Handpainted_Grass_and_Ground_Textures/Textures/Grass/Grass_normal/Grass_normal_right.png
  artifactKey: Guid(1d15832a1a6e52b48a0fae0275b130dd) Importer(815301076,1909f56bfc062723c751e8b465ee728b)
Start importing Assets/Handpainted_Grass_and_Ground_Textures/Textures/Grass/Grass_normal/Grass_normal_right.png using Guid(1d15832a1a6e52b48a0fae0275b130dd) Importer(815301076,1909f56bfc062723c751e8b465ee728b) (PreviewImporter) -> (artifact id: '3130a5b0ef29d594a33ca674387b5973') in 0.1409378 seconds
Number of updated asset objects reloaded before import = 0Number of asset objects unloaded after import = 2

========================================================================
Received Import Request.
  Time since last request: 0.000096 seconds.
  path: Assets/Handpainted_Grass_and_Ground_Textures/Demo/New Terrain.asset
  artifactKey: Guid(a4503dc03081cd84aa03d1a3fb0dc910) Importer(815301076,1909f56bfc062723c751e8b465ee728b)
Start importing Assets/Handpainted_Grass_and_Ground_Textures/Demo/New Terrain.asset using Guid(a4503dc03081cd84aa03d1a3fb0dc910) Importer(815301076,1909f56bfc062723c751e8b465ee728b) (PreviewImporter) -> (artifact id: 'a8b404138bb84662df1bd623e04b2480') in 2.1943765 seconds
Number of updated asset objects reloaded before import = 0Number of asset objects unloaded after import = 30

========================================================================
Received Import Request.
  Time since last request: 0.000063 seconds.
  path: Assets/Handpainted_Grass_and_Ground_Textures/Textures/Dirt/dirt_normal/dirt_normal_up.png
  artifactKey: Guid(0dd443a2df90ef247be261e60d0ce83b) Importer(815301076,1909f56bfc062723c751e8b465ee728b)
Start importing Assets/Handpainted_Grass_and_Ground_Textures/Textures/Dirt/dirt_normal/dirt_normal_up.png using Guid(0dd443a2df90ef247be261e60d0ce83b) Importer(815301076,1909f56bfc062723c751e8b465ee728b) (PreviewImporter) -> (artifact id: '153f6bbd759ace1b00e3aa42f21af7c5') in 0.1632477 seconds
Number of updated asset objects reloaded before import = 0Number of asset objects unloaded after import = 2

========================================================================
Received Import Request.
  Time since last request: 0.000104 seconds.
  path: Assets/Handpainted_Grass_and_Ground_Textures/Textures/Grass/Grass_swamp_lighted/Grass_swamp_lighted_left.png
  artifactKey: Guid(83dde0a0a7b84a748abb0f5e31467c41) Importer(815301076,1909f56bfc062723c751e8b465ee728b)
Start importing Assets/Handpainted_Grass_and_Ground_Textures/Textures/Grass/Grass_swamp_lighted/Grass_swamp_lighted_left.png using Guid(83dde0a0a7b84a748abb0f5e31467c41) Importer(815301076,1909f56bfc062723c751e8b465ee728b) (PreviewImporter) -> (artifact id: 'ff2b901fb8f09dae34e45331b25d1351') in 0.169926 seconds
Number of updated asset objects reloaded before import = 0Number of asset objects unloaded after import = 2

========================================================================
Received Import Request.
  Time since last request: 0.000063 seconds.
  path: Assets/Handpainted_Grass_and_Ground_Textures/Textures/Snow/snow_dark_step_007.png
  artifactKey: Guid(fd1b4f2bb67053b47a64ebec95973537) Importer(815301076,1909f56bfc062723c751e8b465ee728b)
Start importing Assets/Handpainted_Grass_and_Ground_Textures/Textures/Snow/snow_dark_step_007.png using Guid(fd1b4f2bb67053b47a64ebec95973537) Importer(815301076,1909f56bfc062723c751e8b465ee728b) (PreviewImporter) -> (artifact id: '53be9bd6cbb301037a8dd0d5b334e038') in 0.232845 seconds
Number of updated asset objects reloaded before import = 0Number of asset objects unloaded after import = 2

========================================================================
Received Import Request.
  Time since last request: 0.000079 seconds.
  path: Assets/Handpainted_Grass_and_Ground_Textures/Textures/Snow/snow_dark_step_008.png
  artifactKey: Guid(f95c0dc1c6be6db44b5eb13bbd0e8aec) Importer(815301076,1909f56bfc062723c751e8b465ee728b)
Start importing Assets/Handpainted_Grass_and_Ground_Textures/Textures/Snow/snow_dark_step_008.png using Guid(f95c0dc1c6be6db44b5eb13bbd0e8aec) Importer(815301076,1909f56bfc062723c751e8b465ee728b) (PreviewImporter) -> (artifact id: '2609a4a25f5b1fdff9bdb86c233a000b') in 0.1335948 seconds
Number of updated asset objects reloaded before import = 0Number of asset objects unloaded after import = 2

========================================================================
Received Import Request.
  Time since last request: 0.000068 seconds.
  path: Assets/Polytope Studio/Lowpoly_Environments/Sources/Textures/PT_Grass_02.png
  artifactKey: Guid(f2a86d9c4950f4c4e81271677d2e2624) Importer(815301076,1909f56bfc062723c751e8b465ee728b)
Start importing Assets/Polytope Studio/Lowpoly_Environments/Sources/Textures/PT_Grass_02.png using Guid(f2a86d9c4950f4c4e81271677d2e2624) Importer(815301076,1909f56bfc062723c751e8b465ee728b) (PreviewImporter) -> (artifact id: '68ff4e5a9388b1f96ff439bcc53718a9') in 0.2534442 seconds
Number of updated asset objects reloaded before import = 0Number of asset objects unloaded after import = 2

========================================================================
Received Import Request.
  Time since last request: 0.000079 seconds.
  path: Assets/Handpainted_Grass_and_Ground_Textures/Textures/Dirt/dirt_overdesatured/dirt_overdesatured_left.png
  artifactKey: Guid(9de32f657d23953449e678af4ca10dfc) Importer(815301076,1909f56bfc062723c751e8b465ee728b)
Start importing Assets/Handpainted_Grass_and_Ground_Textures/Textures/Dirt/dirt_overdesatured/dirt_overdesatured_left.png using Guid(9de32f657d23953449e678af4ca10dfc) Importer(815301076,1909f56bfc062723c751e8b465ee728b) (PreviewImporter) -> (artifact id: '0103e46ec2231d4cf0e5d52a2ccb74f8') in 0.1848547 seconds
Number of updated asset objects reloaded before import = 0Number of asset objects unloaded after import = 2

========================================================================
Received Import Request.
  Time since last request: 0.000337 seconds.
  path: Assets/Polytope Studio/Lowpoly_Environments/Sources/Textures/PT_Skybox_Texture_01.png
  artifactKey: Guid(d8b9a114dc91e7d4e9885d54ca9d957f) Importer(815301076,1909f56bfc062723c751e8b465ee728b)
Start importing Assets/Polytope Studio/Lowpoly_Environments/Sources/Textures/PT_Skybox_Texture_01.png using Guid(d8b9a114dc91e7d4e9885d54ca9d957f) Importer(815301076,1909f56bfc062723c751e8b465ee728b) (PreviewImporter) -> (artifact id: '57d5543d1c12e73d30fcfb8f6b7c581e') in 6.5152041 seconds
Number of updated asset objects reloaded before import = 0Number of asset objects unloaded after import = 2

========================================================================
Received Import Request.
  Time since last request: 0.000154 seconds.
  path: Assets/Handpainted_Grass_and_Ground_Textures/Textures/Snow/snow_dark_step_004.png
  artifactKey: Guid(3cfa05b503949ef498b3ab1b25245135) Importer(815301076,1909f56bfc062723c751e8b465ee728b)
Start importing Assets/Handpainted_Grass_and_Ground_Textures/Textures/Snow/snow_dark_step_004.png using Guid(3cfa05b503949ef498b3ab1b25245135) Importer(815301076,1909f56bfc062723c751e8b465ee728b) (PreviewImporter) -> (artifact id: '1ca7f14d1888fc6500721058e5bbbfdd') in 0.1626716 seconds
Number of updated asset objects reloaded before import = 0Number of asset objects unloaded after import = 2

========================================================================
Received Import Request.
  Time since last request: 0.000116 seconds.
  path: Assets/Handpainted_Grass_and_Ground_Textures/Demo/TerrainData_c5dafd93-705c-4d64-84cb-678ba7246350.asset
  artifactKey: Guid(f4c146b62c0ea9b47bd95b1a8167a82f) Importer(815301076,1909f56bfc062723c751e8b465ee728b)
Start importing Assets/Handpainted_Grass_and_Ground_Textures/Demo/TerrainData_c5dafd93-705c-4d64-84cb-678ba7246350.asset using Guid(f4c146b62c0ea9b47bd95b1a8167a82f) Importer(815301076,1909f56bfc062723c751e8b465ee728b) (PreviewImporter) -> (artifact id: '6728beb59cf4310f266d5a2a77d5907a') in 0.3437585 seconds
Number of updated asset objects reloaded before import = 0Number of asset objects unloaded after import = 3

========================================================================
Received Import Request.
  Time since last request: 497.205498 seconds.
  path: Assets/Polytope Studio/Lowpoly_Environments/Prefabs/Mushrooms/PT_Caesars_Mushroom_01.prefab
  artifactKey: Guid(5228c984e5be7284d8d83c18096254dd) Importer(815301076,1909f56bfc062723c751e8b465ee728b)
Start importing Assets/Polytope Studio/Lowpoly_Environments/Prefabs/Mushrooms/PT_Caesars_Mushroom_01.prefab using Guid(5228c984e5be7284d8d83c18096254dd) Importer(815301076,1909f56bfc062723c751e8b465ee728b) (PreviewImporter) -> (artifact id: '4bd2f11c0090190a5648c9bf18bd528d') in 23.1161888 seconds
Number of updated asset objects reloaded before import = 0Number of asset objects unloaded after import = 9

========================================================================
Received Import Request.
  Time since last request: 0.000178 seconds.
  path: Assets/Polytope Studio/Lowpoly_Environments/Prefabs/Rocks/PT_River_Rock_Pile_02.prefab
  artifactKey: Guid(bee651b89d6b3ef48b19cfe8a4c9fa42) Importer(815301076,1909f56bfc062723c751e8b465ee728b)
Start importing Assets/Polytope Studio/Lowpoly_Environments/Prefabs/Rocks/PT_River_Rock_Pile_02.prefab using Guid(bee651b89d6b3ef48b19cfe8a4c9fa42) Importer(815301076,1909f56bfc062723c751e8b465ee728b) (PreviewImporter) -> (artifact id: 'e7565989ad93833607b221d598539693') in 17.9210497 seconds
Number of updated asset objects reloaded before import = 0Number of asset objects unloaded after import = 23

========================================================================
Received Import Request.
  Time since last request: 0.000167 seconds.
  path: Assets/Polytope Studio/Lowpoly_Environments/Prefabs/Trees/PT_Pine_Tree_03_dead_cut.prefab
  artifactKey: Guid(53e1939cdeda3f04caaa240bfd830e5e) Importer(815301076,1909f56bfc062723c751e8b465ee728b)
Start importing Assets/Polytope Studio/Lowpoly_Environments/Prefabs/Trees/PT_Pine_Tree_03_dead_cut.prefab using Guid(53e1939cdeda3f04caaa240bfd830e5e) Importer(815301076,1909f56bfc062723c751e8b465ee728b) (PreviewImporter) -> (artifact id: '2417f9295070f2c6a3f6f97133437adf') in 0.1228158 seconds
Number of updated asset objects reloaded before import = 0Number of asset objects unloaded after import = 9

========================================================================
Received Import Request.
  Time since last request: 0.000079 seconds.
  path: Assets/Polytope Studio/Lowpoly_Environments/Prefabs/Trees/PT_Pine_Tree_03_logs.prefab
  artifactKey: Guid(244ce2af788c0c346b86cbc0473811b0) Importer(815301076,1909f56bfc062723c751e8b465ee728b)
Start importing Assets/Polytope Studio/Lowpoly_Environments/Prefabs/Trees/PT_Pine_Tree_03_logs.prefab using Guid(244ce2af788c0c346b86cbc0473811b0) Importer(815301076,1909f56bfc062723c751e8b465ee728b) (PreviewImporter) -> (artifact id: '9a0335a0f009fae5fca22d48f48020a3') in 0.0689022 seconds
Number of updated asset objects reloaded before import = 0Number of asset objects unloaded after import = 9

========================================================================
Received Import Request.
  Time since last request: 0.000098 seconds.
  path: Assets/Polytope Studio/Lowpoly_Environments/Sources/Meshes/Rocks/PT_Ore_Rock_01.fbx
  artifactKey: Guid(a9129ae83f8faf646961b70c4b103833) Importer(815301076,1909f56bfc062723c751e8b465ee728b)
Start importing Assets/Polytope Studio/Lowpoly_Environments/Sources/Meshes/Rocks/PT_Ore_Rock_01.fbx using Guid(a9129ae83f8faf646961b70c4b103833) Importer(815301076,1909f56bfc062723c751e8b465ee728b) (PreviewImporter) -> (artifact id: '07a2c2f75a07fe3b81386d02f7c7c466') in 1.6222102 seconds
Number of updated asset objects reloaded before import = 0Number of asset objects unloaded after import = 23

========================================================================
Received Import Request.
  Time since last request: 0.000094 seconds.
  path: Assets/Polytope Studio/Lowpoly_Village/Prefabs/Modular/Fence/PT_Modular_Gate_Wood_01.prefab
  artifactKey: Guid(5db93e6325024c749aa2663b9998053d) Importer(815301076,1909f56bfc062723c751e8b465ee728b)
Start importing Assets/Polytope Studio/Lowpoly_Village/Prefabs/Modular/Fence/PT_Modular_Gate_Wood_01.prefab using Guid(5db93e6325024c749aa2663b9998053d) Importer(815301076,1909f56bfc062723c751e8b465ee728b) (PreviewImporter) -> (artifact id: '3bb373dd165ca6432b6db281f7b0390d') in 21.2068211 seconds
Number of updated asset objects reloaded before import = 0Number of asset objects unloaded after import = 25

========================================================================
Received Import Request.
  Time since last request: 0.000200 seconds.
  path: Assets/Polytope Studio/Lowpoly_Village/Prefabs/Modular/Fence/PT_Modular_Fence_Wood_03.prefab
  artifactKey: Guid(2c59246f075efff4eacdd481ad75421a) Importer(815301076,1909f56bfc062723c751e8b465ee728b)
Start importing Assets/Polytope Studio/Lowpoly_Village/Prefabs/Modular/Fence/PT_Modular_Fence_Wood_03.prefab using Guid(2c59246f075efff4eacdd481ad75421a) Importer(815301076,1909f56bfc062723c751e8b465ee728b) (PreviewImporter) -> (artifact id: '1846f00319359d2e0e18238fa985cda9') in 0.0929515 seconds
Number of updated asset objects reloaded before import = 0Number of asset objects unloaded after import = 11

========================================================================
Received Import Request.
  Time since last request: 0.000116 seconds.
  path: Assets/Polytope Studio/Lowpoly_Environments/Sources/Meshes/Mushrooms/PT_Caesars_Mushroom_01.fbx
  artifactKey: Guid(2ec966d90911a454c9760fa28789a4f8) Importer(815301076,1909f56bfc062723c751e8b465ee728b)
Start importing Assets/Polytope Studio/Lowpoly_Environments/Sources/Meshes/Mushrooms/PT_Caesars_Mushroom_01.fbx using Guid(2ec966d90911a454c9760fa28789a4f8) Importer(815301076,1909f56bfc062723c751e8b465ee728b) (PreviewImporter) -> (artifact id: '32c22919b6dcea9d9fb4e998b9726da9') in 0.141523 seconds
Number of updated asset objects reloaded before import = 0Number of asset objects unloaded after import = 9

========================================================================
Received Import Request.
  Time since last request: 0.000138 seconds.
  path: Assets/Polytope Studio/Lowpoly_Environments/Sources/Meshes/Trees/PT_Fruit_Tree_01_stump.fbx
  artifactKey: Guid(f42a2ed0c78e45643bba339ed33235d4) Importer(815301076,1909f56bfc062723c751e8b465ee728b)
Start importing Assets/Polytope Studio/Lowpoly_Environments/Sources/Meshes/Trees/PT_Fruit_Tree_01_stump.fbx using Guid(f42a2ed0c78e45643bba339ed33235d4) Importer(815301076,1909f56bfc062723c751e8b465ee728b) (PreviewImporter) -> (artifact id: '28755d6c4affbe283d45e9f6bae7e00d') in 0.1405426 seconds
Number of updated asset objects reloaded before import = 0Number of asset objects unloaded after import = 9

========================================================================
Received Import Request.
  Time since last request: 0.000102 seconds.
  path: Assets/Polytope Studio/Lowpoly_Village/Prefabs/Modular/Bridge/PT_Wooden_Bridge_02.prefab
  artifactKey: Guid(46f8d17b9eeef754ebc1008196f84bdd) Importer(815301076,1909f56bfc062723c751e8b465ee728b)
Start importing Assets/Polytope Studio/Lowpoly_Village/Prefabs/Modular/Bridge/PT_Wooden_Bridge_02.prefab using Guid(46f8d17b9eeef754ebc1008196f84bdd) Importer(815301076,1909f56bfc062723c751e8b465ee728b) (PreviewImporter) -> (artifact id: 'cb788daa94c3e063df6cf48f07f94fec') in 0.1109507 seconds
Number of updated asset objects reloaded before import = 0Number of asset objects unloaded after import = 20

========================================================================
Received Import Request.
  Time since last request: 0.000229 seconds.
  path: Assets/Polytope Studio/Lowpoly_Environments/Prefabs/Plants/PT_Grass_02.prefab
  artifactKey: Guid(6cdd667aa0034cd4dadc8d58a65fb098) Importer(815301076,1909f56bfc062723c751e8b465ee728b)
Start importing Assets/Polytope Studio/Lowpoly_Environments/Prefabs/Plants/PT_Grass_02.prefab using Guid(6cdd667aa0034cd4dadc8d58a65fb098) Importer(815301076,1909f56bfc062723c751e8b465ee728b) (PreviewImporter) -> (artifact id: '961caf40f59170a3d828aeb882742c89') in 25.0384444 seconds
Number of updated asset objects reloaded before import = 0Number of asset objects unloaded after import = 22

========================================================================
Received Import Request.
  Time since last request: 16535.318016 seconds.
  path: Assets/Handpainted_Grass_and_Ground_Textures/Demo/Materials/Material_snow_super_dark_step_005.mat
  artifactKey: Guid(62cf2b674f39dd149b8bc53579f771ba) Importer(815301076,1909f56bfc062723c751e8b465ee728b)
Start importing Assets/Handpainted_Grass_and_Ground_Textures/Demo/Materials/Material_snow_super_dark_step_005.mat using Guid(62cf2b674f39dd149b8bc53579f771ba) Importer(815301076,1909f56bfc062723c751e8b465ee728b) (PreviewImporter) -> (artifact id: 'ce637e0bcfc0bb9067e88b74c0236347') in 2.8968842 seconds
Number of updated asset objects reloaded before import = 0Number of asset objects unloaded after import = 2

========================================================================
Received Import Request.
  Time since last request: 0.002716 seconds.
  path: Assets/Polytope Studio/Lowpoly_Environments/Sources/Materials/PT_Generic_Tree_Leaves_mat.mat
  artifactKey: Guid(066ded06e6a8eb240893ea7b8efb66b4) Importer(815301076,1909f56bfc062723c751e8b465ee728b)
Start importing Assets/Polytope Studio/Lowpoly_Environments/Sources/Materials/PT_Generic_Tree_Leaves_mat.mat using Guid(066ded06e6a8eb240893ea7b8efb66b4) Importer(815301076,1909f56bfc062723c751e8b465ee728b) (PreviewImporter) -> (artifact id: '0cca62e8c4bf1b42a28f3449a1314d3a') in 26.8887599 seconds
Number of updated asset objects reloaded before import = 0Number of asset objects unloaded after import = 2

========================================================================
Received Import Request.
  Time since last request: 0.000358 seconds.
  path: Assets/Handpainted_Grass_and_Ground_Textures/Demo/Materials/Material_snow_dark_step_004.mat
  artifactKey: Guid(81e1507502188c6489c1be8b4f818c53) Importer(815301076,1909f56bfc062723c751e8b465ee728b)
Start importing Assets/Handpainted_Grass_and_Ground_Textures/Demo/Materials/Material_snow_dark_step_004.mat using Guid(81e1507502188c6489c1be8b4f818c53) Importer(815301076,1909f56bfc062723c751e8b465ee728b) (PreviewImporter) -> (artifact id: '0d4c32628a2ac860f8d9ccc36c994889') in 0.2211115 seconds
Number of updated asset objects reloaded before import = 0Number of asset objects unloaded after import = 2

========================================================================
Received Import Request.
  Time since last request: 0.000098 seconds.
  path: Assets/Handpainted_Grass_and_Ground_Textures/Demo/Materials/Material_snow_super_dark_step_001.mat
  artifactKey: Guid(c5889a8f42acdb4468d272db43947627) Importer(815301076,1909f56bfc062723c751e8b465ee728b)
Start importing Assets/Handpainted_Grass_and_Ground_Textures/Demo/Materials/Material_snow_super_dark_step_001.mat using Guid(c5889a8f42acdb4468d272db43947627) Importer(815301076,1909f56bfc062723c751e8b465ee728b) (PreviewImporter) -> (artifact id: '563890e9aa67601a2368b0e394b51325') in 0.1560007 seconds
Number of updated asset objects reloaded before import = 0Number of asset objects unloaded after import = 2

========================================================================
Received Import Request.
  Time since last request: 0.000099 seconds.
  path: Assets/Handpainted_Grass_and_Ground_Textures/Demo/Materials/Material_snow_normal_step_007.mat
  artifactKey: Guid(48202fb674240d64c8264e0318e2c937) Importer(815301076,1909f56bfc062723c751e8b465ee728b)
Start importing Assets/Handpainted_Grass_and_Ground_Textures/Demo/Materials/Material_snow_normal_step_007.mat using Guid(48202fb674240d64c8264e0318e2c937) Importer(815301076,1909f56bfc062723c751e8b465ee728b) (PreviewImporter) -> (artifact id: '8e3f8f5f4910ea0cb118d3cb11222ad9') in 0.2768347 seconds
Number of updated asset objects reloaded before import = 0Number of asset objects unloaded after import = 2

========================================================================
Received Import Request.
  Time since last request: 0.000162 seconds.
  path: Assets/Polytope Studio/Lowpoly_Environments/Sources/Materials/PT_Fruit_Tree_Opaque_mat.mat
  artifactKey: Guid(3922c043c1c52cb47a7b1bfed562a4b6) Importer(815301076,1909f56bfc062723c751e8b465ee728b)
Start importing Assets/Polytope Studio/Lowpoly_Environments/Sources/Materials/PT_Fruit_Tree_Opaque_mat.mat using Guid(3922c043c1c52cb47a7b1bfed562a4b6) Importer(815301076,1909f56bfc062723c751e8b465ee728b) (PreviewImporter) -> (artifact id: '02a18cb1781f91fe39acdd2c3c25a619') in 0.1437052 seconds
Number of updated asset objects reloaded before import = 0Number of asset objects unloaded after import = 2

========================================================================
Received Import Request.
  Time since last request: 0.000100 seconds.
  path: Assets/Handpainted_Grass_and_Ground_Textures/Demo/Materials/Material_snow_super_dark_step_002.mat
  artifactKey: Guid(cb5c9cbdca9d36749af0305f3e76696d) Importer(815301076,1909f56bfc062723c751e8b465ee728b)
Start importing Assets/Handpainted_Grass_and_Ground_Textures/Demo/Materials/Material_snow_super_dark_step_002.mat using Guid(cb5c9cbdca9d36749af0305f3e76696d) Importer(815301076,1909f56bfc062723c751e8b465ee728b) (PreviewImporter) -> (artifact id: '982f1ec1d355169a8854b1830dcd7df8') in 0.2474004 seconds
Number of updated asset objects reloaded before import = 0Number of asset objects unloaded after import = 2

========================================================================
Received Import Request.
  Time since last request: 0.000126 seconds.
  path: Assets/Handpainted_Grass_and_Ground_Textures/Demo/Materials/Material_dirt_overdesatured.mat
  artifactKey: Guid(8f8b2fe75ba6c4c44822b99bb77ec990) Importer(815301076,1909f56bfc062723c751e8b465ee728b)
Start importing Assets/Handpainted_Grass_and_Ground_Textures/Demo/Materials/Material_dirt_overdesatured.mat using Guid(8f8b2fe75ba6c4c44822b99bb77ec990) Importer(815301076,1909f56bfc062723c751e8b465ee728b) (PreviewImporter) -> (artifact id: '15636112d2a405a7f57e99c40575ae4a') in 0.1459182 seconds
Number of updated asset objects reloaded before import = 0Number of asset objects unloaded after import = 2

========================================================================
Received Import Request.
  Time since last request: 0.000114 seconds.
  path: Assets/Handpainted_Grass_and_Ground_Textures/Demo/Materials/material_dirt_desatured.mat
  artifactKey: Guid(7734f1945cbbb954888ae7a4c9b08726) Importer(815301076,1909f56bfc062723c751e8b465ee728b)
Start importing Assets/Handpainted_Grass_and_Ground_Textures/Demo/Materials/material_dirt_desatured.mat using Guid(7734f1945cbbb954888ae7a4c9b08726) Importer(815301076,1909f56bfc062723c751e8b465ee728b) (PreviewImporter) -> (artifact id: '39f8d1cca541d312e83aeb7f8401c5ca') in 0.2241985 seconds
Number of updated asset objects reloaded before import = 0Number of asset objects unloaded after import = 2

========================================================================
Received Import Request.
  Time since last request: 0.000114 seconds.
  path: Assets/Handpainted_Grass_and_Ground_Textures/Demo/Materials/Material_Grass_normal.mat
  artifactKey: Guid(7aa8c8d1ffd54e94895834366fb18bd6) Importer(815301076,1909f56bfc062723c751e8b465ee728b)
Start importing Assets/Handpainted_Grass_and_Ground_Textures/Demo/Materials/Material_Grass_normal.mat using Guid(7aa8c8d1ffd54e94895834366fb18bd6) Importer(815301076,1909f56bfc062723c751e8b465ee728b) (PreviewImporter) -> (artifact id: 'ef7d8f8c06d9906486eb796ad0d88167') in 0.2386417 seconds
Number of updated asset objects reloaded before import = 0Number of asset objects unloaded after import = 2

========================================================================
Received Import Request.
  Time since last request: 0.000126 seconds.
  path: Assets/Handpainted_Grass_and_Ground_Textures/Demo/Materials/Material_snow_super_dark_step_007.mat
  artifactKey: Guid(ddf72490f0587a94f94c6432e993d8c5) Importer(815301076,1909f56bfc062723c751e8b465ee728b)
Start importing Assets/Handpainted_Grass_and_Ground_Textures/Demo/Materials/Material_snow_super_dark_step_007.mat using Guid(ddf72490f0587a94f94c6432e993d8c5) Importer(815301076,1909f56bfc062723c751e8b465ee728b) (PreviewImporter) -> (artifact id: 'ab9972258335d1a1634ad3b6741fef87') in 0.1935629 seconds
Number of updated asset objects reloaded before import = 0Number of asset objects unloaded after import = 2

========================================================================
Received Import Request.
  Time since last request: 0.000089 seconds.
  path: Assets/Handpainted_Grass_and_Ground_Textures/Demo/Materials/Grass_swamp_dark.mat
  artifactKey: Guid(5c8f7163468315a498a8687a4245eb69) Importer(815301076,1909f56bfc062723c751e8b465ee728b)
Start importing Assets/Handpainted_Grass_and_Ground_Textures/Demo/Materials/Grass_swamp_dark.mat using Guid(5c8f7163468315a498a8687a4245eb69) Importer(815301076,1909f56bfc062723c751e8b465ee728b) (PreviewImporter) -> (artifact id: '02cbea8761749c872783811af116bb10') in 0.3353251 seconds
Number of updated asset objects reloaded before import = 0Number of asset objects unloaded after import = 2

========================================================================
Received Import Request.
  Time since last request: 0.000111 seconds.
  path: Assets/Handpainted_Grass_and_Ground_Textures/Demo/Materials/Material_dirt_over_corrupted.mat
  artifactKey: Guid(9bdcce6dec6d8e44e81a490c3e0ffb4e) Importer(815301076,1909f56bfc062723c751e8b465ee728b)
Start importing Assets/Handpainted_Grass_and_Ground_Textures/Demo/Materials/Material_dirt_over_corrupted.mat using Guid(9bdcce6dec6d8e44e81a490c3e0ffb4e) Importer(815301076,1909f56bfc062723c751e8b465ee728b) (PreviewImporter) -> (artifact id: '4ee73749449e5f342ac48efaffc05924') in 0.1516886 seconds
Number of updated asset objects reloaded before import = 0Number of asset objects unloaded after import = 2

========================================================================
Received Import Request.
  Time since last request: 0.000345 seconds.
  path: Assets/Handpainted_Grass_and_Ground_Textures/Demo/Materials/material_dirt_claydarked.mat
  artifactKey: Guid(d4cf2f02954e1954b9864379996e4e91) Importer(815301076,1909f56bfc062723c751e8b465ee728b)
Start importing Assets/Handpainted_Grass_and_Ground_Textures/Demo/Materials/material_dirt_claydarked.mat using Guid(d4cf2f02954e1954b9864379996e4e91) Importer(815301076,1909f56bfc062723c751e8b465ee728b) (PreviewImporter) -> (artifact id: '3fca5b20fe6023fa00c7867a4822d8c7') in 0.2308166 seconds
Number of updated asset objects reloaded before import = 0Number of asset objects unloaded after import = 2

========================================================================
Received Import Request.
  Time since last request: 0.000139 seconds.
  path: Assets/Handpainted_Grass_and_Ground_Textures/Demo/Materials/Material_Grass_bluetint.mat
  artifactKey: Guid(335b8ffb8cc63c14fa0668a162a152cb) Importer(815301076,1909f56bfc062723c751e8b465ee728b)
Start importing Assets/Handpainted_Grass_and_Ground_Textures/Demo/Materials/Material_Grass_bluetint.mat using Guid(335b8ffb8cc63c14fa0668a162a152cb) Importer(815301076,1909f56bfc062723c751e8b465ee728b) (PreviewImporter) -> (artifact id: '5721883e7d8103f9307dedca91b305a8') in 0.2070569 seconds
Number of updated asset objects reloaded before import = 0Number of asset objects unloaded after import = 2

========================================================================
Received Import Request.
  Time since last request: 0.000124 seconds.
  path: Assets/Handpainted_Grass_and_Ground_Textures/Demo/Materials/Material_Grass_overcorrupted.mat
  artifactKey: Guid(ba17272ce492ff74a934b37c50250d08) Importer(815301076,1909f56bfc062723c751e8b465ee728b)
Start importing Assets/Handpainted_Grass_and_Ground_Textures/Demo/Materials/Material_Grass_overcorrupted.mat using Guid(ba17272ce492ff74a934b37c50250d08) Importer(815301076,1909f56bfc062723c751e8b465ee728b) (PreviewImporter) -> (artifact id: '880e80c6daaf09bb768477a33260ee5b') in 0.2976697 seconds
Number of updated asset objects reloaded before import = 0Number of asset objects unloaded after import = 2

========================================================================
Received Import Request.
  Time since last request: 0.000139 seconds.
  path: Assets/Handpainted_Grass_and_Ground_Textures/Demo/Materials/Grass_swamp_normal.mat
  artifactKey: Guid(1ecaec0663df69f4591699b38932ea59) Importer(815301076,1909f56bfc062723c751e8b465ee728b)
Start importing Assets/Handpainted_Grass_and_Ground_Textures/Demo/Materials/Grass_swamp_normal.mat using Guid(1ecaec0663df69f4591699b38932ea59) Importer(815301076,1909f56bfc062723c751e8b465ee728b) (PreviewImporter) -> (artifact id: 'b889080b0f22f47f043ccbb931cf6f50') in 0.1537886 seconds
Number of updated asset objects reloaded before import = 0Number of asset objects unloaded after import = 2

========================================================================
Received Import Request.
  Time since last request: 0.000107 seconds.
  path: Assets/Polytope Studio/Lowpoly_Village/Sources/Materials/PT_Buildings_mat.mat
  artifactKey: Guid(d55b08511377b684395dab1b9fba6a16) Importer(815301076,1909f56bfc062723c751e8b465ee728b)
Start importing Assets/Polytope Studio/Lowpoly_Village/Sources/Materials/PT_Buildings_mat.mat using Guid(d55b08511377b684395dab1b9fba6a16) Importer(815301076,1909f56bfc062723c751e8b465ee728b) (PreviewImporter) -> (artifact id: '9626e2eda779109a655e08fb04bea611') in 0.3231588 seconds
Number of updated asset objects reloaded before import = 0Number of asset objects unloaded after import = 3

========================================================================
Received Import Request.
  Time since last request: 0.000169 seconds.
  path: Assets/Polytope Studio/Lowpoly_Environments/Sources/Materials/PT_Poppy_mat.mat
  artifactKey: Guid(67c85a5a0248e2a4a98e653c8e7eeb9e) Importer(815301076,1909f56bfc062723c751e8b465ee728b)
Start importing Assets/Polytope Studio/Lowpoly_Environments/Sources/Materials/PT_Poppy_mat.mat using Guid(67c85a5a0248e2a4a98e653c8e7eeb9e) Importer(815301076,1909f56bfc062723c751e8b465ee728b) (PreviewImporter) -> (artifact id: 'e279591b8027f56937c9870051003d17') in 24.2228572 seconds
Number of updated asset objects reloaded before import = 0Number of asset objects unloaded after import = 2

========================================================================
Received Import Request.
  Time since last request: 0.000106 seconds.
  path: Assets/Polytope Studio/Lowpoly_Environments/Sources/Materials/PT_Water_mat.mat
  artifactKey: Guid(3e36df56c6fa5f64085c14d9d4f6f8d9) Importer(815301076,1909f56bfc062723c751e8b465ee728b)
Start importing Assets/Polytope Studio/Lowpoly_Environments/Sources/Materials/PT_Water_mat.mat using Guid(3e36df56c6fa5f64085c14d9d4f6f8d9) Importer(815301076,1909f56bfc062723c751e8b465ee728b) (PreviewImporter) -> (artifact id: '1b9061215554354712a0a11a380007c2') in 20.1726859 seconds
Number of updated asset objects reloaded before import = 0Number of asset objects unloaded after import = 2

========================================================================
Received Import Request.
  Time since last request: 1501.586441 seconds.
  path: Assets/Polytope Studio/Lowpoly_Environments/Sources/Meshes/Trees/PT_Fruit_Tree_01_dead_cut.fbx
  artifactKey: Guid(ddcbcdd7a43212c4d86fe33f77dac074) Importer(815301076,1909f56bfc062723c751e8b465ee728b)
Start importing Assets/Polytope Studio/Lowpoly_Environments/Sources/Meshes/Trees/PT_Fruit_Tree_01_dead_cut.fbx using Guid(ddcbcdd7a43212c4d86fe33f77dac074) Importer(815301076,1909f56bfc062723c751e8b465ee728b) (PreviewImporter) -> (artifact id: '3f7110323ab92a574749b643296b85f1') in 0.3867134 seconds
Number of updated asset objects reloaded before import = 0Number of asset objects unloaded after import = 9

========================================================================
Received Import Request.
  Time since last request: 0.000196 seconds.
  path: Assets/Polytope Studio/Lowpoly_Environments/Sources/Meshes/Trees/PT_Fruit_Tree_01_dead.fbx
  artifactKey: Guid(3ebf65d3a6489594ca09a35d85d43b0a) Importer(815301076,1909f56bfc062723c751e8b465ee728b)
Start importing Assets/Polytope Studio/Lowpoly_Environments/Sources/Meshes/Trees/PT_Fruit_Tree_01_dead.fbx using Guid(3ebf65d3a6489594ca09a35d85d43b0a) Importer(815301076,1909f56bfc062723c751e8b465ee728b) (PreviewImporter) -> (artifact id: '07d2c4959c350ba6288c165a9d3e8e02') in 0.3138138 seconds
Number of updated asset objects reloaded before import = 0Number of asset objects unloaded after import = 22

========================================================================
Received Import Request.
  Time since last request: 0.221679 seconds.
  path: Assets/Polytope Studio/Lowpoly_Environments/Sources/Meshes/Shrubs/PT_Generic_Shrub_01_dead.fbx
  artifactKey: Guid(0101712be5ca1c7449afe15d548c8817) Importer(815301076,1909f56bfc062723c751e8b465ee728b)
Start importing Assets/Polytope Studio/Lowpoly_Environments/Sources/Meshes/Shrubs/PT_Generic_Shrub_01_dead.fbx using Guid(0101712be5ca1c7449afe15d548c8817) Importer(815301076,1909f56bfc062723c751e8b465ee728b) (PreviewImporter) -> (artifact id: '1e159911d585fb5d97775a19e520266d') in 0.3978915 seconds
Number of updated asset objects reloaded before import = 0Number of asset objects unloaded after import = 22

========================================================================
Received Import Request.
  Time since last request: 27.273425 seconds.
  path: Assets/Materials/Slab'.mat
  artifactKey: Guid(6fd9b57b62ba2304a973f5ce04ca13b5) Importer(815301076,1909f56bfc062723c751e8b465ee728b)
Start importing Assets/Materials/Slab'.mat using Guid(6fd9b57b62ba2304a973f5ce04ca13b5) Importer(815301076,1909f56bfc062723c751e8b465ee728b) (PreviewImporter) -> (artifact id: 'd1cbe15b2e916e697a73f3a5fef74dbb') in 9.1763769 seconds
Number of updated asset objects reloaded before import = 0Number of asset objects unloaded after import = 2

