Using pre-set license
Built from '6000.0/staging' branch; Version is '6000.0.47f1 (2ad1ed33fd3b) revision 2806253'; Using compiler version '193933523'; Build Type 'Release'
OS: 'Windows 11  (10.0.26100) 64bit Core' Language: 'en' Physical Memory: 7968 MB
BatchMode: 1, IsHumanControllingUs: 0, StartBugReporterOnCrash: 0, Is64bit: 1, IsPro: 1

COMMAND LINE ARGUMENTS:
C:\Program Files\Unity\Hub\Editor\6000.0.47f1\Editor\Unity.exe
-adb2
-batchMode
-noUpm
-name
AssetImportWorker0
-projectPath
E:/Unity Projects/Cathy Village redo
-logFile
Logs/AssetImportWorker0.log
-srvPort
52737
-job-worker-count
3
-background-job-worker-count
8
-gc-helper-count
1
Successfully changed project path to: E:/Unity Projects/Cathy Village redo
E:/Unity Projects/Cathy Village redo
[UnityMemory] Configuration Parameters - Can be set up in boot.config
    "memorysetup-bucket-allocator-granularity=16"
    "memorysetup-bucket-allocator-bucket-count=8"
    "memorysetup-bucket-allocator-block-size=33554432"
    "memorysetup-bucket-allocator-block-count=8"
    "memorysetup-main-allocator-block-size=16777216"
    "memorysetup-thread-allocator-block-size=16777216"
    "memorysetup-gfx-main-allocator-block-size=16777216"
    "memorysetup-gfx-thread-allocator-block-size=16777216"
    "memorysetup-cache-allocator-block-size=4194304"
    "memorysetup-typetree-allocator-block-size=2097152"
    "memorysetup-profiler-bucket-allocator-granularity=16"
    "memorysetup-profiler-bucket-allocator-bucket-count=8"
    "memorysetup-profiler-bucket-allocator-block-size=33554432"
    "memorysetup-profiler-bucket-allocator-block-count=8"
    "memorysetup-profiler-allocator-block-size=16777216"
    "memorysetup-profiler-editor-allocator-block-size=1048576"
    "memorysetup-temp-allocator-size-main=16777216"
    "memorysetup-job-temp-allocator-block-size=2097152"
    "memorysetup-job-temp-allocator-block-size-background=1048576"
    "memorysetup-job-temp-allocator-reduction-small-platforms=262144"
    "memorysetup-allocator-temp-initial-block-size-main=262144"
    "memorysetup-allocator-temp-initial-block-size-worker=262144"
    "memorysetup-temp-allocator-size-background-worker=32768"
    "memorysetup-temp-allocator-size-job-worker=262144"
    "memorysetup-temp-allocator-size-preload-manager=33554432"
    "memorysetup-temp-allocator-size-nav-mesh-worker=65536"
    "memorysetup-temp-allocator-size-audio-worker=65536"
    "memorysetup-temp-allocator-size-cloud-worker=32768"
    "memorysetup-temp-allocator-size-gi-baking-worker=262144"
    "memorysetup-temp-allocator-size-gi-baking-worker=262144"
    "memorysetup-temp-allocator-size-gi-baking-worker=262144"
    "memorysetup-temp-allocator-size-gi-baking-worker=262144"
    "memorysetup-temp-allocator-size-gi-baking-worker=262144"
    "memorysetup-temp-allocator-size-gfx=262144"
Player connection [27492]  Target information:

Player connection [27492]  * "[IP] 192.168.5.175 [Port] 0 [Flags] 2 [Guid] 3181116707 [EditorId] 3181116707 [Version] 1048832 [Id] WindowsEditor(7,LAPTOP-R00LG5A0) [Debug] 1 [PackageName] WindowsEditor [ProjectName] Editor" 

Player connection [27492] Host joined multi-casting on [225.0.0.222:54997]...
Player connection [27492] Host joined alternative multi-casting on [225.0.0.222:34997]...
JobSystem: Creating JobQueue using job-worker-count value 3
Input System module state changed to: Initialized.
[Physics::Module] Initialized fallback backend.
[Physics::Module] Id: 0xdecafbad
Library Redirect Path: Library/
[Physics::Module] Selected backend.
[Physics::Module] Name: PhysX
[Physics::Module] Id: 0xf2b8ea05
[Physics::Module] SDK Version: 4.1.2
[Physics::Module] Integration Version: 1.0.0
[Physics::Module] Threading Mode: Multi-Threaded
Refreshing native plugins compatible for Editor in 1049.74 ms, found 3 plugins.
Preloading 0 native plugins for Editor in 0.00 ms.
Initialize engine version: 6000.0.47f1 (2ad1ed33fd3b)
[Subsystems] Discovering subsystems at path C:/Program Files/Unity/Hub/Editor/6000.0.47f1/Editor/Data/Resources/UnitySubsystems
[Subsystems] Discovering subsystems at path E:/Unity Projects/Cathy Village redo/Assets
GfxDevice: creating device client; kGfxThreadingModeNonThreaded
Direct3D:
    Version:  Direct3D 11.0 [level 11.1]
    Renderer: NVIDIA GeForce GTX 1650 (ID=0x1f99)
    Vendor:   NVIDIA
    VRAM:     3937 MB
    Driver:   32.0.15.6119
Initialize mono
Mono path[0] = 'C:/Program Files/Unity/Hub/Editor/6000.0.47f1/Editor/Data/Managed'
Mono path[1] = 'C:/Program Files/Unity/Hub/Editor/6000.0.47f1/Editor/Data/MonoBleedingEdge/lib/mono/unityjit-win32'
Mono config path = 'C:/Program Files/Unity/Hub/Editor/6000.0.47f1/Editor/Data/MonoBleedingEdge/etc'
Using monoOptions --debugger-agent=transport=dt_socket,embedding=1,server=y,suspend=n,address=127.0.0.1:56816
Begin MonoManager ReloadAssembly
Registering precompiled unity dll's ...
Register platform support module: C:/Program Files/Unity/Hub/Editor/6000.0.47f1/Editor/Data/PlaybackEngines/WebGLSupport/UnityEditor.WebGL.Extensions.dll
Register platform support module: C:/Program Files/Unity/Hub/Editor/6000.0.47f1/Editor/Data/PlaybackEngines/WindowsStandaloneSupport/UnityEditor.WindowsStandalone.Extensions.dll
Registered in 0.032075 seconds.
- Loaded All Assemblies, in  5.095 seconds
Native extension for WindowsStandalone target not found
Native extension for WebGL target not found
Mono: successfully reloaded assembly
- Finished resetting the current domain, in  4.008 seconds
Domain Reload Profiling: 9081ms
	BeginReloadAssembly (1947ms)
		ExecutionOrderSort (0ms)
		DisableScriptedObjects (0ms)
		BackupInstance (0ms)
		ReleaseScriptingObjects (0ms)
		CreateAndSetChildDomain (7ms)
	RebuildCommonClasses (795ms)
	RebuildNativeTypeToScriptingClass (134ms)
	initialDomainReloadingComplete (484ms)
	LoadAllAssembliesAndSetupDomain (1709ms)
		LoadAssemblies (1919ms)
		RebuildTransferFunctionScriptingTraits (0ms)
		AnalyzeDomain (1682ms)
			TypeCache.Refresh (1672ms)
				TypeCache.ScanAssembly (1568ms)
			BuildScriptInfoCaches (1ms)
			ResolveRequiredComponents (3ms)
	FinalizeReload (4012ms)
		ReleaseScriptCaches (0ms)
		RebuildScriptCaches (0ms)
		SetupLoadedEditorAssemblies (3145ms)
			LogAssemblyErrors (0ms)
			InitializePlatformSupportModulesInManaged (156ms)
			SetLoadedEditorAssemblies (34ms)
			BeforeProcessingInitializeOnLoad (442ms)
			ProcessInitializeOnLoadAttributes (1831ms)
			ProcessInitializeOnLoadMethodAttributes (682ms)
			AfterProcessingInitializeOnLoad (0ms)
			EditorAssembliesLoaded (1ms)
		ExecutionOrderSort2 (0ms)
		AwakeInstancesAfterBackupRestoration (0ms)
========================================================================
Worker process is ready to serve import requests
Import Worker Mode flag is 0x00
Begin MonoManager ReloadAssembly
- Loaded All Assemblies, in  9.361 seconds
Refreshing native plugins compatible for Editor in 5.88 ms, found 3 plugins.
Native extension for WindowsStandalone target not found
Native extension for WebGL target not found
Mono: successfully reloaded assembly
- Finished resetting the current domain, in 16.456 seconds
Domain Reload Profiling: 25791ms
	BeginReloadAssembly (1255ms)
		ExecutionOrderSort (0ms)
		DisableScriptedObjects (59ms)
		BackupInstance (0ms)
		ReleaseScriptingObjects (0ms)
		CreateAndSetChildDomain (174ms)
	RebuildCommonClasses (306ms)
	RebuildNativeTypeToScriptingClass (109ms)
	initialDomainReloadingComplete (358ms)
	LoadAllAssembliesAndSetupDomain (7304ms)
		LoadAssemblies (4884ms)
		RebuildTransferFunctionScriptingTraits (0ms)
		AnalyzeDomain (3145ms)
			TypeCache.Refresh (2163ms)
				TypeCache.ScanAssembly (2035ms)
			BuildScriptInfoCaches (861ms)
			ResolveRequiredComponents (100ms)
	FinalizeReload (16458ms)
		ReleaseScriptCaches (0ms)
		RebuildScriptCaches (0ms)
		SetupLoadedEditorAssemblies (11114ms)
			LogAssemblyErrors (0ms)
			InitializePlatformSupportModulesInManaged (28ms)
			SetLoadedEditorAssemblies (28ms)
			BeforeProcessingInitializeOnLoad (1160ms)
			ProcessInitializeOnLoadAttributes (5690ms)
			ProcessInitializeOnLoadMethodAttributes (4151ms)
			AfterProcessingInitializeOnLoad (55ms)
			EditorAssembliesLoaded (1ms)
		ExecutionOrderSort2 (0ms)
		AwakeInstancesAfterBackupRestoration (39ms)
Launched and connected shader compiler UnityShaderCompiler.exe after 0.51 seconds
Refreshing native plugins compatible for Editor in 6.27 ms, found 3 plugins.
Preloading 0 native plugins for Editor in 0.00 ms.
Unloading 205 Unused Serialized files (Serialized files now loaded: 0)
Unloading 5972 unused Assets / (8.3 MB). Loaded Objects now: 6626.
Memory consumption went from 169.1 MB to 160.8 MB.
Total: 176.673500 ms (FindLiveObjects: 6.772000 ms CreateObjectMapping: 4.408700 ms MarkObjects: 129.343400 ms  DeleteObjects: 36.126600 ms)

========================================================================
Received Import Request.
  Time since last request: 3456369.183995 seconds.
  path: Assets/Polytope Studio/Lowpoly_Environments/URP/PT_Nature_Free_URP_17.unitypackage
  artifactKey: Guid(68d9417a84829c6459075121b8ac78bd) Importer(815301076,1909f56bfc062723c751e8b465ee728b)
Start importing Assets/Polytope Studio/Lowpoly_Environments/URP/PT_Nature_Free_URP_17.unitypackage using Guid(68d9417a84829c6459075121b8ac78bd) Importer(815301076,1909f56bfc062723c751e8b465ee728b) (PreviewImporter) -> (artifact id: '50dd7a0db2a2ea892f3f3e0f58e7378c') in 0.2381506 seconds
Number of updated asset objects reloaded before import = 7Number of asset objects unloaded after import = 1

========================================================================
Received Import Request.
  Time since last request: 23.592393 seconds.
  path: Assets/Handpainted_Grass_and_Ground_Textures/Demo/terrain_layers/dirt_clay_down.terrainlayer
  artifactKey: Guid(4c4035b4429296047a447dd96db29248) Importer(815301076,1909f56bfc062723c751e8b465ee728b)
Start importing Assets/Handpainted_Grass_and_Ground_Textures/Demo/terrain_layers/dirt_clay_down.terrainlayer using Guid(4c4035b4429296047a447dd96db29248) Importer(815301076,1909f56bfc062723c751e8b465ee728b) (PreviewImporter) -> (artifact id: 'aa368fafc77fd24ad1589e4475fc3ee7') in 0.6012592 seconds
Number of updated asset objects reloaded before import = 0Number of asset objects unloaded after import = 2

========================================================================
Received Import Request.
  Time since last request: 0.000090 seconds.
  path: Assets/Handpainted_Grass_and_Ground_Textures/Demo/terrain_layers/dirt_desatured_down.terrainlayer
  artifactKey: Guid(a2067e44dd8d50144b0a359c7513a3ba) Importer(815301076,1909f56bfc062723c751e8b465ee728b)
Start importing Assets/Handpainted_Grass_and_Ground_Textures/Demo/terrain_layers/dirt_desatured_down.terrainlayer using Guid(a2067e44dd8d50144b0a359c7513a3ba) Importer(815301076,1909f56bfc062723c751e8b465ee728b) (PreviewImporter) -> (artifact id: '7e15da8c546015ec2d2f4c461b31fb4b') in 0.1907157 seconds
Number of updated asset objects reloaded before import = 0Number of asset objects unloaded after import = 2

========================================================================
Received Import Request.
  Time since last request: 0.000083 seconds.
  path: Assets/Handpainted_Grass_and_Ground_Textures/Demo/terrain_layers/dirt_claydarked_right.terrainlayer
  artifactKey: Guid(79459100015b83e448ec508ceae4fc57) Importer(815301076,1909f56bfc062723c751e8b465ee728b)
Start importing Assets/Handpainted_Grass_and_Ground_Textures/Demo/terrain_layers/dirt_claydarked_right.terrainlayer using Guid(79459100015b83e448ec508ceae4fc57) Importer(815301076,1909f56bfc062723c751e8b465ee728b) (PreviewImporter) -> (artifact id: '299e3128ebbb48793c09cf0c4fbb39b7') in 0.2313257 seconds
Number of updated asset objects reloaded before import = 0Number of asset objects unloaded after import = 2

========================================================================
Received Import Request.
  Time since last request: 0.000254 seconds.
  path: Assets/Handpainted_Grass_and_Ground_Textures/Demo/terrain_layers/dirt_clay_right.terrainlayer
  artifactKey: Guid(6de2cb754be81fe4da45a5d5149551c6) Importer(815301076,1909f56bfc062723c751e8b465ee728b)
Start importing Assets/Handpainted_Grass_and_Ground_Textures/Demo/terrain_layers/dirt_clay_right.terrainlayer using Guid(6de2cb754be81fe4da45a5d5149551c6) Importer(815301076,1909f56bfc062723c751e8b465ee728b) (PreviewImporter) -> (artifact id: 'b3c761dc13f12b998476f562d8795d8b') in 0.1769673 seconds
Number of updated asset objects reloaded before import = 0Number of asset objects unloaded after import = 2

========================================================================
Received Import Request.
  Time since last request: 0.000085 seconds.
  path: Assets/Handpainted_Grass_and_Ground_Textures/Demo/terrain_layers/dirt_desatured_rocks_left.terrainlayer
  artifactKey: Guid(2af4e57ff8bc78e4a88241418c051a76) Importer(815301076,1909f56bfc062723c751e8b465ee728b)
Start importing Assets/Handpainted_Grass_and_Ground_Textures/Demo/terrain_layers/dirt_desatured_rocks_left.terrainlayer using Guid(2af4e57ff8bc78e4a88241418c051a76) Importer(815301076,1909f56bfc062723c751e8b465ee728b) (PreviewImporter) -> (artifact id: '1d563d04de185bd70d02b534dd3279e4') in 0.1302535 seconds
Number of updated asset objects reloaded before import = 0Number of asset objects unloaded after import = 2

========================================================================
Received Import Request.
  Time since last request: 0.000074 seconds.
  path: Assets/Handpainted_Grass_and_Ground_Textures/Demo/terrain_layers/dirt_lighted_right.terrainlayer
  artifactKey: Guid(85999f731165c8a458b1795d7bfb2f6c) Importer(815301076,1909f56bfc062723c751e8b465ee728b)
Start importing Assets/Handpainted_Grass_and_Ground_Textures/Demo/terrain_layers/dirt_lighted_right.terrainlayer using Guid(85999f731165c8a458b1795d7bfb2f6c) Importer(815301076,1909f56bfc062723c751e8b465ee728b) (PreviewImporter) -> (artifact id: '462b6b61199dc92081e8c615d0a3da40') in 0.1721706 seconds
Number of updated asset objects reloaded before import = 0Number of asset objects unloaded after import = 2

========================================================================
Received Import Request.
  Time since last request: 0.000078 seconds.
  path: Assets/Handpainted_Grass_and_Ground_Textures/Demo/terrain_layers/dirt_corrupted_lighted_right.terrainlayer
  artifactKey: Guid(4ac37b12803ab694983dffea6db7bf14) Importer(815301076,1909f56bfc062723c751e8b465ee728b)
Start importing Assets/Handpainted_Grass_and_Ground_Textures/Demo/terrain_layers/dirt_corrupted_lighted_right.terrainlayer using Guid(4ac37b12803ab694983dffea6db7bf14) Importer(815301076,1909f56bfc062723c751e8b465ee728b) (PreviewImporter) -> (artifact id: '63b78303e9a15cd0411dfa9041130979') in 0.1708689 seconds
Number of updated asset objects reloaded before import = 0Number of asset objects unloaded after import = 2

========================================================================
Received Import Request.
  Time since last request: 0.000069 seconds.
  path: Assets/Handpainted_Grass_and_Ground_Textures/Demo/terrain_layers/dirt_lighted_rocks_left.terrainlayer
  artifactKey: Guid(1c493d6bb8797ef4f9f71200033d5fae) Importer(815301076,1909f56bfc062723c751e8b465ee728b)
Start importing Assets/Handpainted_Grass_and_Ground_Textures/Demo/terrain_layers/dirt_lighted_rocks_left.terrainlayer using Guid(1c493d6bb8797ef4f9f71200033d5fae) Importer(815301076,1909f56bfc062723c751e8b465ee728b) (PreviewImporter) -> (artifact id: '556d8bffde3bb2e8568b3842c620f0a2') in 0.168686 seconds
Number of updated asset objects reloaded before import = 0Number of asset objects unloaded after import = 2

========================================================================
Received Import Request.
  Time since last request: 0.000085 seconds.
  path: Assets/Handpainted_Grass_and_Ground_Textures/Demo/terrain_layers/dirt_lighted_rocks_down.terrainlayer
  artifactKey: Guid(d5d5a56e581314b45bc87cf717f146a9) Importer(815301076,1909f56bfc062723c751e8b465ee728b)
Start importing Assets/Handpainted_Grass_and_Ground_Textures/Demo/terrain_layers/dirt_lighted_rocks_down.terrainlayer using Guid(d5d5a56e581314b45bc87cf717f146a9) Importer(815301076,1909f56bfc062723c751e8b465ee728b) (PreviewImporter) -> (artifact id: '607b7b2c5587cc3df2fe09d10e04d9d9') in 0.2176842 seconds
Number of updated asset objects reloaded before import = 0Number of asset objects unloaded after import = 2

========================================================================
Received Import Request.
  Time since last request: 0.000081 seconds.
  path: Assets/Handpainted_Grass_and_Ground_Textures/Demo/terrain_layers/dirt_clay_up.terrainlayer
  artifactKey: Guid(799b17a5976350a4699e3fe5773d8e83) Importer(815301076,1909f56bfc062723c751e8b465ee728b)
Start importing Assets/Handpainted_Grass_and_Ground_Textures/Demo/terrain_layers/dirt_clay_up.terrainlayer using Guid(799b17a5976350a4699e3fe5773d8e83) Importer(815301076,1909f56bfc062723c751e8b465ee728b) (PreviewImporter) -> (artifact id: 'aec676e6462a4d711b5c15cbd33410fe') in 0.1505075 seconds
Number of updated asset objects reloaded before import = 0Number of asset objects unloaded after import = 2

========================================================================
Received Import Request.
  Time since last request: 0.000100 seconds.
  path: Assets/Handpainted_Grass_and_Ground_Textures/Demo/terrain_layers/dirt_claydarked_down.terrainlayer
  artifactKey: Guid(421ead4c2a1387945a283cc08d0ad7ae) Importer(815301076,1909f56bfc062723c751e8b465ee728b)
Start importing Assets/Handpainted_Grass_and_Ground_Textures/Demo/terrain_layers/dirt_claydarked_down.terrainlayer using Guid(421ead4c2a1387945a283cc08d0ad7ae) Importer(815301076,1909f56bfc062723c751e8b465ee728b) (PreviewImporter) -> (artifact id: '4abeba6ec86b509c7485731064c56536') in 0.1966588 seconds
Number of updated asset objects reloaded before import = 0Number of asset objects unloaded after import = 2

========================================================================
Received Import Request.
  Time since last request: 0.000066 seconds.
  path: Assets/Handpainted_Grass_and_Ground_Textures/Demo/terrain_layers/dirt_desatured_rocks_down.terrainlayer
  artifactKey: Guid(54892ecdba355f54f996d94cfcff41a2) Importer(815301076,1909f56bfc062723c751e8b465ee728b)
Start importing Assets/Handpainted_Grass_and_Ground_Textures/Demo/terrain_layers/dirt_desatured_rocks_down.terrainlayer using Guid(54892ecdba355f54f996d94cfcff41a2) Importer(815301076,1909f56bfc062723c751e8b465ee728b) (PreviewImporter) -> (artifact id: 'c09621003412557449ad6abe5186ca96') in 0.1363558 seconds
Number of updated asset objects reloaded before import = 0Number of asset objects unloaded after import = 2

========================================================================
Received Import Request.
  Time since last request: 0.000100 seconds.
  path: Assets/Handpainted_Grass_and_Ground_Textures/Demo/terrain_layers/dirt_lighted_rocks_up.terrainlayer
  artifactKey: Guid(174f1f8e3d6d9f541bcafd1c4823cd5c) Importer(815301076,1909f56bfc062723c751e8b465ee728b)
Start importing Assets/Handpainted_Grass_and_Ground_Textures/Demo/terrain_layers/dirt_lighted_rocks_up.terrainlayer using Guid(174f1f8e3d6d9f541bcafd1c4823cd5c) Importer(815301076,1909f56bfc062723c751e8b465ee728b) (PreviewImporter) -> (artifact id: '0295a2bf43ca0787ca79645202bf9ba7') in 0.2468406 seconds
Number of updated asset objects reloaded before import = 0Number of asset objects unloaded after import = 2

========================================================================
Received Import Request.
  Time since last request: 0.000623 seconds.
  path: Assets/Handpainted_Grass_and_Ground_Textures/Demo/terrain_layers/dirt_overcorrupted_up.terrainlayer
  artifactKey: Guid(a597e1737097f994a9beacb7152ea611) Importer(815301076,1909f56bfc062723c751e8b465ee728b)
Start importing Assets/Handpainted_Grass_and_Ground_Textures/Demo/terrain_layers/dirt_overcorrupted_up.terrainlayer using Guid(a597e1737097f994a9beacb7152ea611) Importer(815301076,1909f56bfc062723c751e8b465ee728b) (PreviewImporter) -> (artifact id: '7cb0f80898ca5cd22ac0b0c0dc4b5631') in 0.249577 seconds
Number of updated asset objects reloaded before import = 0Number of asset objects unloaded after import = 2

========================================================================
Received Import Request.
  Time since last request: 0.000482 seconds.
  path: Assets/Handpainted_Grass_and_Ground_Textures/Demo/terrain_layers/dirt_overcorrupted_left.terrainlayer
  artifactKey: Guid(630526f594c11b34196947e39addf186) Importer(815301076,1909f56bfc062723c751e8b465ee728b)
Start importing Assets/Handpainted_Grass_and_Ground_Textures/Demo/terrain_layers/dirt_overcorrupted_left.terrainlayer using Guid(630526f594c11b34196947e39addf186) Importer(815301076,1909f56bfc062723c751e8b465ee728b) (PreviewImporter) -> (artifact id: '2d65cef99a2fc00921950fbadf014b58') in 0.2088579 seconds
Number of updated asset objects reloaded before import = 0Number of asset objects unloaded after import = 2

========================================================================
Received Import Request.
  Time since last request: 0.000084 seconds.
  path: Assets/Handpainted_Grass_and_Ground_Textures/Demo/terrain_layers/dirt_desatured_up.terrainlayer
  artifactKey: Guid(bcb6b5f0b45e65f41a03dfd1c55f60d3) Importer(815301076,1909f56bfc062723c751e8b465ee728b)
Start importing Assets/Handpainted_Grass_and_Ground_Textures/Demo/terrain_layers/dirt_desatured_up.terrainlayer using Guid(bcb6b5f0b45e65f41a03dfd1c55f60d3) Importer(815301076,1909f56bfc062723c751e8b465ee728b) (PreviewImporter) -> (artifact id: '490fff151215835ff2127f159e2cc5d5') in 0.1525665 seconds
Number of updated asset objects reloaded before import = 0Number of asset objects unloaded after import = 2

========================================================================
Received Import Request.
  Time since last request: 0.000105 seconds.
  path: Assets/Handpainted_Grass_and_Ground_Textures/Demo/terrain_layers/dirt_overdesatured_down.terrainlayer
  artifactKey: Guid(a35f94c7d8dea164fa79fe7e62a3c4a8) Importer(815301076,1909f56bfc062723c751e8b465ee728b)
Start importing Assets/Handpainted_Grass_and_Ground_Textures/Demo/terrain_layers/dirt_overdesatured_down.terrainlayer using Guid(a35f94c7d8dea164fa79fe7e62a3c4a8) Importer(815301076,1909f56bfc062723c751e8b465ee728b) (PreviewImporter) -> (artifact id: '79414ee19902aec2ae6ec3618fa3176e') in 0.2405608 seconds
Number of updated asset objects reloaded before import = 0Number of asset objects unloaded after import = 2

========================================================================
Received Import Request.
  Time since last request: 0.000078 seconds.
  path: Assets/Handpainted_Grass_and_Ground_Textures/Demo/terrain_layers/dirt_overdesatured_up.terrainlayer
  artifactKey: Guid(ed58adfb5ac840849b177a27f87a058a) Importer(815301076,1909f56bfc062723c751e8b465ee728b)
Start importing Assets/Handpainted_Grass_and_Ground_Textures/Demo/terrain_layers/dirt_overdesatured_up.terrainlayer using Guid(ed58adfb5ac840849b177a27f87a058a) Importer(815301076,1909f56bfc062723c751e8b465ee728b) (PreviewImporter) -> (artifact id: '39ff746f9e4771d5672d306be35c36df') in 0.2132111 seconds
Number of updated asset objects reloaded before import = 0Number of asset objects unloaded after import = 2

========================================================================
Received Import Request.
  Time since last request: 0.000098 seconds.
  path: Assets/Handpainted_Grass_and_Ground_Textures/Demo/terrain_layers/dirt_claydarked_up.terrainlayer
  artifactKey: Guid(8d1901c5994c2e845b5026dcbc721c13) Importer(815301076,1909f56bfc062723c751e8b465ee728b)
Start importing Assets/Handpainted_Grass_and_Ground_Textures/Demo/terrain_layers/dirt_claydarked_up.terrainlayer using Guid(8d1901c5994c2e845b5026dcbc721c13) Importer(815301076,1909f56bfc062723c751e8b465ee728b) (PreviewImporter) -> (artifact id: 'f1bfa2623f49aeb99282347315d3d127') in 0.1768191 seconds
Number of updated asset objects reloaded before import = 0Number of asset objects unloaded after import = 2

========================================================================
Received Import Request.
  Time since last request: 0.000072 seconds.
  path: Assets/Handpainted_Grass_and_Ground_Textures/Demo/terrain_layers/dirt_lighted_up.terrainlayer
  artifactKey: Guid(1f75228414d5254428e95e86edd17bb3) Importer(815301076,1909f56bfc062723c751e8b465ee728b)
Start importing Assets/Handpainted_Grass_and_Ground_Textures/Demo/terrain_layers/dirt_lighted_up.terrainlayer using Guid(1f75228414d5254428e95e86edd17bb3) Importer(815301076,1909f56bfc062723c751e8b465ee728b) (PreviewImporter) -> (artifact id: '98bd2b1a9048c0aff2aad5c6ccffcb7a') in 0.1354845 seconds
Number of updated asset objects reloaded before import = 0Number of asset objects unloaded after import = 2

========================================================================
Received Import Request.
  Time since last request: 0.000079 seconds.
  path: Assets/Handpainted_Grass_and_Ground_Textures/Demo/terrain_layers/dirt_corrupted_up.terrainlayer
  artifactKey: Guid(299e03f60c444014eb427319d96ae48e) Importer(815301076,1909f56bfc062723c751e8b465ee728b)
Start importing Assets/Handpainted_Grass_and_Ground_Textures/Demo/terrain_layers/dirt_corrupted_up.terrainlayer using Guid(299e03f60c444014eb427319d96ae48e) Importer(815301076,1909f56bfc062723c751e8b465ee728b) (PreviewImporter) -> (artifact id: 'f1903daf52f5488d1b47a5c826653f00') in 0.2000608 seconds
Number of updated asset objects reloaded before import = 0Number of asset objects unloaded after import = 2

========================================================================
Received Import Request.
  Time since last request: 0.000076 seconds.
  path: Assets/Handpainted_Grass_and_Ground_Textures/Demo/terrain_layers/dirt_corrupted_right.terrainlayer
  artifactKey: Guid(b26240796d8c5d94091db1d62cab2744) Importer(815301076,1909f56bfc062723c751e8b465ee728b)
Start importing Assets/Handpainted_Grass_and_Ground_Textures/Demo/terrain_layers/dirt_corrupted_right.terrainlayer using Guid(b26240796d8c5d94091db1d62cab2744) Importer(815301076,1909f56bfc062723c751e8b465ee728b) (PreviewImporter) -> (artifact id: '9d036a441a78037099822958352258ce') in 0.1862275 seconds
Number of updated asset objects reloaded before import = 0Number of asset objects unloaded after import = 2

========================================================================
Received Import Request.
  Time since last request: 0.000103 seconds.
  path: Assets/Handpainted_Grass_and_Ground_Textures/Demo/terrain_layers/dirt_claydarked_left.terrainlayer
  artifactKey: Guid(69aae8f389094174fa2ca70f9268a251) Importer(815301076,1909f56bfc062723c751e8b465ee728b)
Start importing Assets/Handpainted_Grass_and_Ground_Textures/Demo/terrain_layers/dirt_claydarked_left.terrainlayer using Guid(69aae8f389094174fa2ca70f9268a251) Importer(815301076,1909f56bfc062723c751e8b465ee728b) (PreviewImporter) -> (artifact id: '52157d80f608301823e4095a5791795f') in 0.1567771 seconds
Number of updated asset objects reloaded before import = 0Number of asset objects unloaded after import = 2

========================================================================
Received Import Request.
  Time since last request: 6.333927 seconds.
  path: Assets/Handpainted_Grass_and_Ground_Textures/Textures/Dirt/dirt_lighted/dirt_lighted_right.png
  artifactKey: Guid(92975eac003d6b744815ff80bf8b3aee) Importer(815301076,1909f56bfc062723c751e8b465ee728b)
Start importing Assets/Handpainted_Grass_and_Ground_Textures/Textures/Dirt/dirt_lighted/dirt_lighted_right.png using Guid(92975eac003d6b744815ff80bf8b3aee) Importer(815301076,1909f56bfc062723c751e8b465ee728b) (PreviewImporter) -> (artifact id: '2faa4edd49c261c0445eb13330ba68ce') in 0.3371437 seconds
Number of updated asset objects reloaded before import = 0Number of asset objects unloaded after import = 2

========================================================================
Received Import Request.
  Time since last request: 17.570753 seconds.
  path: Assets/Handpainted_Grass_and_Ground_Textures/Demo/terrain_layers/Grass_bluetint_left.terrainlayer
  artifactKey: Guid(4f578fafc038b3e47889d8591aeabb7a) Importer(815301076,1909f56bfc062723c751e8b465ee728b)
Start importing Assets/Handpainted_Grass_and_Ground_Textures/Demo/terrain_layers/Grass_bluetint_left.terrainlayer using Guid(4f578fafc038b3e47889d8591aeabb7a) Importer(815301076,1909f56bfc062723c751e8b465ee728b) (PreviewImporter) -> (artifact id: '71b930d0e19260a29894f6e3b099aa4f') in 0.1819875 seconds
Number of updated asset objects reloaded before import = 0Number of asset objects unloaded after import = 2

========================================================================
Received Import Request.
  Time since last request: 0.000090 seconds.
  path: Assets/Handpainted_Grass_and_Ground_Textures/Demo/terrain_layers/Grass_corrupted_down.terrainlayer
  artifactKey: Guid(acddab07f8ac8c84aa7852a315806c4a) Importer(815301076,1909f56bfc062723c751e8b465ee728b)
Start importing Assets/Handpainted_Grass_and_Ground_Textures/Demo/terrain_layers/Grass_corrupted_down.terrainlayer using Guid(acddab07f8ac8c84aa7852a315806c4a) Importer(815301076,1909f56bfc062723c751e8b465ee728b) (PreviewImporter) -> (artifact id: '90293341afd3a26de1a0b2a0b2654e10') in 0.1816677 seconds
Number of updated asset objects reloaded before import = 0Number of asset objects unloaded after import = 2

========================================================================
Received Import Request.
  Time since last request: 0.000082 seconds.
  path: Assets/Handpainted_Grass_and_Ground_Textures/Demo/terrain_layers/Grass_bluetint_up.terrainlayer
  artifactKey: Guid(8539624c71e7a51479eced781f91d967) Importer(815301076,1909f56bfc062723c751e8b465ee728b)
Start importing Assets/Handpainted_Grass_and_Ground_Textures/Demo/terrain_layers/Grass_bluetint_up.terrainlayer using Guid(8539624c71e7a51479eced781f91d967) Importer(815301076,1909f56bfc062723c751e8b465ee728b) (PreviewImporter) -> (artifact id: 'da52c4a90c991f46bdcd8983bce7caf1') in 0.2549832 seconds
Number of updated asset objects reloaded before import = 0Number of asset objects unloaded after import = 2

========================================================================
Received Import Request.
  Time since last request: 0.000073 seconds.
  path: Assets/Handpainted_Grass_and_Ground_Textures/Demo/terrain_layers/Grass_lighted_left.terrainlayer
  artifactKey: Guid(f090ea60b20d02c4ba801580101c5465) Importer(815301076,1909f56bfc062723c751e8b465ee728b)
Start importing Assets/Handpainted_Grass_and_Ground_Textures/Demo/terrain_layers/Grass_lighted_left.terrainlayer using Guid(f090ea60b20d02c4ba801580101c5465) Importer(815301076,1909f56bfc062723c751e8b465ee728b) (PreviewImporter) -> (artifact id: '16d9d633b5bfbc50d7376bcbbeaa4e54') in 0.2153398 seconds
Number of updated asset objects reloaded before import = 0Number of asset objects unloaded after import = 2

========================================================================
Received Import Request.
  Time since last request: 0.000084 seconds.
  path: Assets/Handpainted_Grass_and_Ground_Textures/Demo/terrain_layers/Grass_lighted_right.terrainlayer
  artifactKey: Guid(0cc50b69c88e8434eab1b49d54585984) Importer(815301076,1909f56bfc062723c751e8b465ee728b)
Start importing Assets/Handpainted_Grass_and_Ground_Textures/Demo/terrain_layers/Grass_lighted_right.terrainlayer using Guid(0cc50b69c88e8434eab1b49d54585984) Importer(815301076,1909f56bfc062723c751e8b465ee728b) (PreviewImporter) -> (artifact id: '173538823500377b2f123de91fac2f5a') in 0.1372216 seconds
Number of updated asset objects reloaded before import = 0Number of asset objects unloaded after import = 2

========================================================================
Received Import Request.
  Time since last request: 0.000072 seconds.
  path: Assets/Handpainted_Grass_and_Ground_Textures/Demo/terrain_layers/Grass_lighted_down.terrainlayer
  artifactKey: Guid(bd09f0681f28b484fb0610ef52f7254c) Importer(815301076,1909f56bfc062723c751e8b465ee728b)
Start importing Assets/Handpainted_Grass_and_Ground_Textures/Demo/terrain_layers/Grass_lighted_down.terrainlayer using Guid(bd09f0681f28b484fb0610ef52f7254c) Importer(815301076,1909f56bfc062723c751e8b465ee728b) (PreviewImporter) -> (artifact id: '128d95e0a38691286716093ebb5a80ea') in 0.1548088 seconds
Number of updated asset objects reloaded before import = 0Number of asset objects unloaded after import = 2

========================================================================
Received Import Request.
  Time since last request: 0.000103 seconds.
  path: Assets/Handpainted_Grass_and_Ground_Textures/Demo/terrain_layers/Grass_normal_right.terrainlayer
  artifactKey: Guid(230d99471a8ceec4e91c4455a1f70044) Importer(815301076,1909f56bfc062723c751e8b465ee728b)
Start importing Assets/Handpainted_Grass_and_Ground_Textures/Demo/terrain_layers/Grass_normal_right.terrainlayer using Guid(230d99471a8ceec4e91c4455a1f70044) Importer(815301076,1909f56bfc062723c751e8b465ee728b) (PreviewImporter) -> (artifact id: '9c25724ed9b5cb95b6d2d9af5b82fe0d') in 0.2107311 seconds
Number of updated asset objects reloaded before import = 0Number of asset objects unloaded after import = 2

========================================================================
Received Import Request.
  Time since last request: 0.000075 seconds.
  path: Assets/Handpainted_Grass_and_Ground_Textures/Demo/terrain_layers/Grass_swamp_dark_down.terrainlayer
  artifactKey: Guid(e77487ebc7a4c9747aae876dd8f3f576) Importer(815301076,1909f56bfc062723c751e8b465ee728b)
Start importing Assets/Handpainted_Grass_and_Ground_Textures/Demo/terrain_layers/Grass_swamp_dark_down.terrainlayer using Guid(e77487ebc7a4c9747aae876dd8f3f576) Importer(815301076,1909f56bfc062723c751e8b465ee728b) (PreviewImporter) -> (artifact id: '2eec0747f0b5f15358d6f286a21612e9') in 0.1284167 seconds
Number of updated asset objects reloaded before import = 0Number of asset objects unloaded after import = 2

========================================================================
Received Import Request.
  Time since last request: 0.000081 seconds.
  path: Assets/Handpainted_Grass_and_Ground_Textures/Demo/terrain_layers/Grass_overcorrupted_up.terrainlayer
  artifactKey: Guid(66ebd6a3e966c7447a9f9b40428d928a) Importer(815301076,1909f56bfc062723c751e8b465ee728b)
Start importing Assets/Handpainted_Grass_and_Ground_Textures/Demo/terrain_layers/Grass_overcorrupted_up.terrainlayer using Guid(66ebd6a3e966c7447a9f9b40428d928a) Importer(815301076,1909f56bfc062723c751e8b465ee728b) (PreviewImporter) -> (artifact id: 'a81b07eef394758b2db36198a29484db') in 0.1587009 seconds
Number of updated asset objects reloaded before import = 0Number of asset objects unloaded after import = 2

========================================================================
Received Import Request.
  Time since last request: 0.000068 seconds.
  path: Assets/Handpainted_Grass_and_Ground_Textures/Demo/terrain_layers/Grass_normal_left.terrainlayer
  artifactKey: Guid(8266026e5ca9bc247a41d77e26bb8052) Importer(815301076,1909f56bfc062723c751e8b465ee728b)
Start importing Assets/Handpainted_Grass_and_Ground_Textures/Demo/terrain_layers/Grass_normal_left.terrainlayer using Guid(8266026e5ca9bc247a41d77e26bb8052) Importer(815301076,1909f56bfc062723c751e8b465ee728b) (PreviewImporter) -> (artifact id: '17ff20b45c500ccc792e37da0d4e82df') in 0.1532951 seconds
Number of updated asset objects reloaded before import = 0Number of asset objects unloaded after import = 2

========================================================================
Received Import Request.
  Time since last request: 0.000094 seconds.
  path: Assets/Handpainted_Grass_and_Ground_Textures/Demo/terrain_layers/Grass_swamp_normal_up.terrainlayer
  artifactKey: Guid(69952f0c7c34dca489b4215ee2e77310) Importer(815301076,1909f56bfc062723c751e8b465ee728b)
Start importing Assets/Handpainted_Grass_and_Ground_Textures/Demo/terrain_layers/Grass_swamp_normal_up.terrainlayer using Guid(69952f0c7c34dca489b4215ee2e77310) Importer(815301076,1909f56bfc062723c751e8b465ee728b) (PreviewImporter) -> (artifact id: '9c65c83e3b686fa25d290c2ecf24d4b0') in 0.1118346 seconds
Number of updated asset objects reloaded before import = 0Number of asset objects unloaded after import = 2

========================================================================
Received Import Request.
  Time since last request: 0.000074 seconds.
  path: Assets/Handpainted_Grass_and_Ground_Textures/Demo/terrain_layers/Grass_swamp_lighted_up.terrainlayer
  artifactKey: Guid(ac1779a434deba04099ff213b16320e8) Importer(815301076,1909f56bfc062723c751e8b465ee728b)
Start importing Assets/Handpainted_Grass_and_Ground_Textures/Demo/terrain_layers/Grass_swamp_lighted_up.terrainlayer using Guid(ac1779a434deba04099ff213b16320e8) Importer(815301076,1909f56bfc062723c751e8b465ee728b) (PreviewImporter) -> (artifact id: '3577084ed60f5b0676a2bfa2897fab61') in 0.1844953 seconds
Number of updated asset objects reloaded before import = 0Number of asset objects unloaded after import = 2

========================================================================
Received Import Request.
  Time since last request: 0.000115 seconds.
  path: Assets/Handpainted_Grass_and_Ground_Textures/Demo/terrain_layers/Grass_swamp_normal_down.terrainlayer
  artifactKey: Guid(05929a4aec087074ba39c7059d3324c2) Importer(815301076,1909f56bfc062723c751e8b465ee728b)
Start importing Assets/Handpainted_Grass_and_Ground_Textures/Demo/terrain_layers/Grass_swamp_normal_down.terrainlayer using Guid(05929a4aec087074ba39c7059d3324c2) Importer(815301076,1909f56bfc062723c751e8b465ee728b) (PreviewImporter) -> (artifact id: 'b2ec046bb38128b0f52662aaca07c3fd') in 0.1714147 seconds
Number of updated asset objects reloaded before import = 0Number of asset objects unloaded after import = 2

========================================================================
Received Import Request.
  Time since last request: 0.000076 seconds.
  path: Assets/Handpainted_Grass_and_Ground_Textures/Demo/terrain_layers/NewLayer.terrainlayer
  artifactKey: Guid(d00f415280956e34aafe9f9add93e82d) Importer(815301076,1909f56bfc062723c751e8b465ee728b)
Start importing Assets/Handpainted_Grass_and_Ground_Textures/Demo/terrain_layers/NewLayer.terrainlayer using Guid(d00f415280956e34aafe9f9add93e82d) Importer(815301076,1909f56bfc062723c751e8b465ee728b) (PreviewImporter) -> (artifact id: 'c768094728e7ccfd79bbd0e454b6175e') in 0.1667067 seconds
Number of updated asset objects reloaded before import = 0Number of asset objects unloaded after import = 2

========================================================================
Received Import Request.
  Time since last request: 0.000094 seconds.
  path: Assets/Handpainted_Grass_and_Ground_Textures/Demo/terrain_layers/NewLayer 2.terrainlayer
  artifactKey: Guid(c9596995c83910a47a4acd06fdb3b027) Importer(815301076,1909f56bfc062723c751e8b465ee728b)
Start importing Assets/Handpainted_Grass_and_Ground_Textures/Demo/terrain_layers/NewLayer 2.terrainlayer using Guid(c9596995c83910a47a4acd06fdb3b027) Importer(815301076,1909f56bfc062723c751e8b465ee728b) (PreviewImporter) -> (artifact id: 'b640929a6125a8575420a8494efd19e2') in 0.2027 seconds
Number of updated asset objects reloaded before import = 0Number of asset objects unloaded after import = 2

========================================================================
Received Import Request.
  Time since last request: 0.000073 seconds.
  path: Assets/Handpainted_Grass_and_Ground_Textures/Demo/terrain_layers/NewLayer 9.terrainlayer
  artifactKey: Guid(ee3dd4d767854794a9aaa178ad33010e) Importer(815301076,1909f56bfc062723c751e8b465ee728b)
Start importing Assets/Handpainted_Grass_and_Ground_Textures/Demo/terrain_layers/NewLayer 9.terrainlayer using Guid(ee3dd4d767854794a9aaa178ad33010e) Importer(815301076,1909f56bfc062723c751e8b465ee728b) (PreviewImporter) -> (artifact id: '3136e1ce64309e484e18a7bded6aeddb') in 0.2197757 seconds
Number of updated asset objects reloaded before import = 0Number of asset objects unloaded after import = 2

========================================================================
Received Import Request.
  Time since last request: 0.000075 seconds.
  path: Assets/Handpainted_Grass_and_Ground_Textures/Demo/terrain_layers/NewLayer 3.terrainlayer
  artifactKey: Guid(84b7b834be2edbb4f8b44031fb25e78f) Importer(815301076,1909f56bfc062723c751e8b465ee728b)
Start importing Assets/Handpainted_Grass_and_Ground_Textures/Demo/terrain_layers/NewLayer 3.terrainlayer using Guid(84b7b834be2edbb4f8b44031fb25e78f) Importer(815301076,1909f56bfc062723c751e8b465ee728b) (PreviewImporter) -> (artifact id: 'f91b065f5eb2db8cb40cf1e575fe0ffc') in 0.1575105 seconds
Number of updated asset objects reloaded before import = 0Number of asset objects unloaded after import = 2

========================================================================
Received Import Request.
  Time since last request: 0.000072 seconds.
  path: Assets/Handpainted_Grass_and_Ground_Textures/Demo/terrain_layers/NewLayer 6.terrainlayer
  artifactKey: Guid(a10e5b40c5ea20c4cb975502d660f2f7) Importer(815301076,1909f56bfc062723c751e8b465ee728b)
Start importing Assets/Handpainted_Grass_and_Ground_Textures/Demo/terrain_layers/NewLayer 6.terrainlayer using Guid(a10e5b40c5ea20c4cb975502d660f2f7) Importer(815301076,1909f56bfc062723c751e8b465ee728b) (PreviewImporter) -> (artifact id: '6c814e448ba477f5ff27959d22e22c42') in 0.1644614 seconds
Number of updated asset objects reloaded before import = 0Number of asset objects unloaded after import = 2

========================================================================
Received Import Request.
  Time since last request: 0.000079 seconds.
  path: Assets/Handpainted_Grass_and_Ground_Textures/Demo/terrain_layers/NewLayer 18.terrainlayer
  artifactKey: Guid(00b8d645b2b347942a3abcd3082f1f64) Importer(815301076,1909f56bfc062723c751e8b465ee728b)
Start importing Assets/Handpainted_Grass_and_Ground_Textures/Demo/terrain_layers/NewLayer 18.terrainlayer using Guid(00b8d645b2b347942a3abcd3082f1f64) Importer(815301076,1909f56bfc062723c751e8b465ee728b) (PreviewImporter) -> (artifact id: '6eb8165e1dc13ae6f06440f890d6a853') in 0.2353652 seconds
Number of updated asset objects reloaded before import = 0Number of asset objects unloaded after import = 2

========================================================================
Received Import Request.
  Time since last request: 0.000069 seconds.
  path: Assets/Handpainted_Grass_and_Ground_Textures/Demo/terrain_layers/NewLayer 16.terrainlayer
  artifactKey: Guid(16bd2cbfda1f4f94eb9d42fbe0989f12) Importer(815301076,1909f56bfc062723c751e8b465ee728b)
Start importing Assets/Handpainted_Grass_and_Ground_Textures/Demo/terrain_layers/NewLayer 16.terrainlayer using Guid(16bd2cbfda1f4f94eb9d42fbe0989f12) Importer(815301076,1909f56bfc062723c751e8b465ee728b) (PreviewImporter) -> (artifact id: '8b0f279c4d720db06a142b1379fada68') in 0.5480984 seconds
Number of updated asset objects reloaded before import = 0Number of asset objects unloaded after import = 2

========================================================================
Received Import Request.
  Time since last request: 0.000110 seconds.
  path: Assets/Handpainted_Grass_and_Ground_Textures/Demo/terrain_layers/NewLayer 19.terrainlayer
  artifactKey: Guid(225ce8ee6d06c63469219114c9a8bbfa) Importer(815301076,1909f56bfc062723c751e8b465ee728b)
Start importing Assets/Handpainted_Grass_and_Ground_Textures/Demo/terrain_layers/NewLayer 19.terrainlayer using Guid(225ce8ee6d06c63469219114c9a8bbfa) Importer(815301076,1909f56bfc062723c751e8b465ee728b) (PreviewImporter) -> (artifact id: '5c112bf9fa08c699094b34529269f500') in 0.1690077 seconds
Number of updated asset objects reloaded before import = 0Number of asset objects unloaded after import = 2

========================================================================
Received Import Request.
  Time since last request: 0.000077 seconds.
  path: Assets/Handpainted_Grass_and_Ground_Textures/Demo/terrain_layers/NewLayer 25.terrainlayer
  artifactKey: Guid(45a98ed8a47f7084994a0f15e88c6b36) Importer(815301076,1909f56bfc062723c751e8b465ee728b)
Start importing Assets/Handpainted_Grass_and_Ground_Textures/Demo/terrain_layers/NewLayer 25.terrainlayer using Guid(45a98ed8a47f7084994a0f15e88c6b36) Importer(815301076,1909f56bfc062723c751e8b465ee728b) (PreviewImporter) -> (artifact id: 'db36f4d2f499094846c1df03adf689f0') in 0.2202945 seconds
Number of updated asset objects reloaded before import = 0Number of asset objects unloaded after import = 2

========================================================================
Received Import Request.
  Time since last request: 0.000079 seconds.
  path: Assets/Handpainted_Grass_and_Ground_Textures/Demo/terrain_layers/Grass_swamp_lighted_left.terrainlayer
  artifactKey: Guid(b2f803eb00f58364e828f1d3f8383af7) Importer(815301076,1909f56bfc062723c751e8b465ee728b)
Start importing Assets/Handpainted_Grass_and_Ground_Textures/Demo/terrain_layers/Grass_swamp_lighted_left.terrainlayer using Guid(b2f803eb00f58364e828f1d3f8383af7) Importer(815301076,1909f56bfc062723c751e8b465ee728b) (PreviewImporter) -> (artifact id: '063ece7aeca1e7519a11839fd267bef0') in 0.1438331 seconds
Number of updated asset objects reloaded before import = 0Number of asset objects unloaded after import = 2

========================================================================
Received Import Request.
  Time since last request: 0.000076 seconds.
  path: Assets/Handpainted_Grass_and_Ground_Textures/Demo/terrain_layers/Grass_desatured_right.terrainlayer
  artifactKey: Guid(e788cd2c1fd684744ba303b8cb656bf3) Importer(815301076,1909f56bfc062723c751e8b465ee728b)
Start importing Assets/Handpainted_Grass_and_Ground_Textures/Demo/terrain_layers/Grass_desatured_right.terrainlayer using Guid(e788cd2c1fd684744ba303b8cb656bf3) Importer(815301076,1909f56bfc062723c751e8b465ee728b) (PreviewImporter) -> (artifact id: '223bee3fc8d0fe1a3e8d1b3af34f1567') in 0.1919375 seconds
Number of updated asset objects reloaded before import = 0Number of asset objects unloaded after import = 2

========================================================================
Received Import Request.
  Time since last request: 0.000094 seconds.
  path: Assets/Handpainted_Grass_and_Ground_Textures/Demo/terrain_layers/NewLayer 1.terrainlayer
  artifactKey: Guid(0cafbabc50bb41a49b63a39566fbea86) Importer(815301076,1909f56bfc062723c751e8b465ee728b)
Start importing Assets/Handpainted_Grass_and_Ground_Textures/Demo/terrain_layers/NewLayer 1.terrainlayer using Guid(0cafbabc50bb41a49b63a39566fbea86) Importer(815301076,1909f56bfc062723c751e8b465ee728b) (PreviewImporter) -> (artifact id: '8ab295b0665b0556f63712a20440ed79') in 0.1818409 seconds
Number of updated asset objects reloaded before import = 0Number of asset objects unloaded after import = 2

========================================================================
Received Import Request.
  Time since last request: 0.000062 seconds.
  path: Assets/Handpainted_Grass_and_Ground_Textures/Demo/terrain_layers/Grass_swamp_dark_up.terrainlayer
  artifactKey: Guid(ae6d998d1ab092a489d8fd2c714eea4e) Importer(815301076,1909f56bfc062723c751e8b465ee728b)
Start importing Assets/Handpainted_Grass_and_Ground_Textures/Demo/terrain_layers/Grass_swamp_dark_up.terrainlayer using Guid(ae6d998d1ab092a489d8fd2c714eea4e) Importer(815301076,1909f56bfc062723c751e8b465ee728b) (PreviewImporter) -> (artifact id: 'c59b150eab324d1f6a3d5f8e2ef18ae3') in 0.1841713 seconds
Number of updated asset objects reloaded before import = 0Number of asset objects unloaded after import = 2

========================================================================
Received Import Request.
  Time since last request: 0.000106 seconds.
  path: Assets/Handpainted_Grass_and_Ground_Textures/Demo/terrain_layers/NewLayer 23.terrainlayer
  artifactKey: Guid(9aebfb395263daf41b5b513323aa0960) Importer(815301076,1909f56bfc062723c751e8b465ee728b)
Start importing Assets/Handpainted_Grass_and_Ground_Textures/Demo/terrain_layers/NewLayer 23.terrainlayer using Guid(9aebfb395263daf41b5b513323aa0960) Importer(815301076,1909f56bfc062723c751e8b465ee728b) (PreviewImporter) -> (artifact id: '6038ebd147769274c57da473aa6c3d9e') in 0.1979907 seconds
Number of updated asset objects reloaded before import = 0Number of asset objects unloaded after import = 2

========================================================================
Received Import Request.
  Time since last request: 0.000061 seconds.
  path: Assets/Handpainted_Grass_and_Ground_Textures/Demo/terrain_layers/NewLayer 24.terrainlayer
  artifactKey: Guid(23409d7dcf8b49e4eb2f07582a35cb3d) Importer(815301076,1909f56bfc062723c751e8b465ee728b)
Start importing Assets/Handpainted_Grass_and_Ground_Textures/Demo/terrain_layers/NewLayer 24.terrainlayer using Guid(23409d7dcf8b49e4eb2f07582a35cb3d) Importer(815301076,1909f56bfc062723c751e8b465ee728b) (PreviewImporter) -> (artifact id: '44d18b8a3a99dfe7ee127fa4798a00cc') in 0.2015287 seconds
Number of updated asset objects reloaded before import = 0Number of asset objects unloaded after import = 2

========================================================================
Received Import Request.
  Time since last request: 0.000104 seconds.
  path: Assets/Handpainted_Grass_and_Ground_Textures/Demo/terrain_layers/NewLayer 10.terrainlayer
  artifactKey: Guid(112feed5f2078274db9d711316c8dab9) Importer(815301076,1909f56bfc062723c751e8b465ee728b)
Start importing Assets/Handpainted_Grass_and_Ground_Textures/Demo/terrain_layers/NewLayer 10.terrainlayer using Guid(112feed5f2078274db9d711316c8dab9) Importer(815301076,1909f56bfc062723c751e8b465ee728b) (PreviewImporter) -> (artifact id: '05dedc540dee91986830e4e23f66a276') in 0.2232235 seconds
Number of updated asset objects reloaded before import = 0Number of asset objects unloaded after import = 2

========================================================================
Received Import Request.
  Time since last request: 0.000092 seconds.
  path: Assets/Handpainted_Grass_and_Ground_Textures/Demo/terrain_layers/Grass_overcorrupted_right.terrainlayer
  artifactKey: Guid(5b0e36acd84931c42874694d458340e4) Importer(815301076,1909f56bfc062723c751e8b465ee728b)
Start importing Assets/Handpainted_Grass_and_Ground_Textures/Demo/terrain_layers/Grass_overcorrupted_right.terrainlayer using Guid(5b0e36acd84931c42874694d458340e4) Importer(815301076,1909f56bfc062723c751e8b465ee728b) (PreviewImporter) -> (artifact id: '8fe795208ed8086880a2df5f789da5b5') in 0.1908283 seconds
Number of updated asset objects reloaded before import = 0Number of asset objects unloaded after import = 2

========================================================================
Received Import Request.
  Time since last request: 0.000099 seconds.
  path: Assets/Handpainted_Grass_and_Ground_Textures/Demo/terrain_layers/Grass_darked_up.terrainlayer
  artifactKey: Guid(4a7af20f1c12eed44b51c5f085942c21) Importer(815301076,1909f56bfc062723c751e8b465ee728b)
Start importing Assets/Handpainted_Grass_and_Ground_Textures/Demo/terrain_layers/Grass_darked_up.terrainlayer using Guid(4a7af20f1c12eed44b51c5f085942c21) Importer(815301076,1909f56bfc062723c751e8b465ee728b) (PreviewImporter) -> (artifact id: '833a868f8c26f1b1d0cf74401b70c421') in 0.1738254 seconds
Number of updated asset objects reloaded before import = 0Number of asset objects unloaded after import = 2

========================================================================
Received Import Request.
  Time since last request: 0.000081 seconds.
  path: Assets/Handpainted_Grass_and_Ground_Textures/Demo/terrain_layers/NewLayer 26.terrainlayer
  artifactKey: Guid(b7f299a22e2c71641bf5605ebbefdffa) Importer(815301076,1909f56bfc062723c751e8b465ee728b)
Start importing Assets/Handpainted_Grass_and_Ground_Textures/Demo/terrain_layers/NewLayer 26.terrainlayer using Guid(b7f299a22e2c71641bf5605ebbefdffa) Importer(815301076,1909f56bfc062723c751e8b465ee728b) (PreviewImporter) -> (artifact id: 'a8184c198113cddc2c983b805d3eeb9e') in 0.1521461 seconds
Number of updated asset objects reloaded before import = 0Number of asset objects unloaded after import = 2

========================================================================
Received Import Request.
  Time since last request: 0.000078 seconds.
  path: Assets/Handpainted_Grass_and_Ground_Textures/Demo/terrain_layers/NewLayer 21.terrainlayer
  artifactKey: Guid(e8c2080d77c5c1b48998cca24d2c0ce2) Importer(815301076,1909f56bfc062723c751e8b465ee728b)
Start importing Assets/Handpainted_Grass_and_Ground_Textures/Demo/terrain_layers/NewLayer 21.terrainlayer using Guid(e8c2080d77c5c1b48998cca24d2c0ce2) Importer(815301076,1909f56bfc062723c751e8b465ee728b) (PreviewImporter) -> (artifact id: 'fb28190fa8744fa106fb85f63cdca85a') in 0.1347378 seconds
Number of updated asset objects reloaded before import = 0Number of asset objects unloaded after import = 2

========================================================================
Received Import Request.
  Time since last request: 0.000063 seconds.
  path: Assets/Handpainted_Grass_and_Ground_Textures/Demo/terrain_layers/Grass_normal_down.terrainlayer
  artifactKey: Guid(68e602da48e73564e9f8e9125f0b8998) Importer(815301076,1909f56bfc062723c751e8b465ee728b)
Start importing Assets/Handpainted_Grass_and_Ground_Textures/Demo/terrain_layers/Grass_normal_down.terrainlayer using Guid(68e602da48e73564e9f8e9125f0b8998) Importer(815301076,1909f56bfc062723c751e8b465ee728b) (PreviewImporter) -> (artifact id: 'dbb7669717f9015b99a8510738f99e31') in 0.2774276 seconds
Number of updated asset objects reloaded before import = 0Number of asset objects unloaded after import = 2

========================================================================
Received Import Request.
  Time since last request: 0.000105 seconds.
  path: Assets/Handpainted_Grass_and_Ground_Textures/Demo/terrain_layers/Grass_corrupted_left.terrainlayer
  artifactKey: Guid(1969c3a09bbfb164f9683bf61b1f0cc1) Importer(815301076,1909f56bfc062723c751e8b465ee728b)
Start importing Assets/Handpainted_Grass_and_Ground_Textures/Demo/terrain_layers/Grass_corrupted_left.terrainlayer using Guid(1969c3a09bbfb164f9683bf61b1f0cc1) Importer(815301076,1909f56bfc062723c751e8b465ee728b) (PreviewImporter) -> (artifact id: '80c99452696199674fb13e0452225bb6') in 0.0724354 seconds
Number of updated asset objects reloaded before import = 0Number of asset objects unloaded after import = 2

========================================================================
Received Import Request.
  Time since last request: 14.620413 seconds.
  path: Assets/Handpainted_Grass_and_Ground_Textures/Textures/Grass/Grass_darked/Grass_darked_up.png
  artifactKey: Guid(df73a5b6a8127ff40a8c6840516304de) Importer(815301076,1909f56bfc062723c751e8b465ee728b)
Start importing Assets/Handpainted_Grass_and_Ground_Textures/Textures/Grass/Grass_darked/Grass_darked_up.png using Guid(df73a5b6a8127ff40a8c6840516304de) Importer(815301076,1909f56bfc062723c751e8b465ee728b) (PreviewImporter) -> (artifact id: '6903175afb1c6d20dc1afbc59f5b0067') in 0.2500536 seconds
Number of updated asset objects reloaded before import = 0Number of asset objects unloaded after import = 2

========================================================================
Received Import Request.
  Time since last request: 126.781563 seconds.
  path: Assets/Handpainted_Grass_and_Ground_Textures/Textures/Grass/Grass_desatured/Grass_desatured_down.png
  artifactKey: Guid(bf2b3b343fdc3044fa9aae22230ac40b) Importer(815301076,1909f56bfc062723c751e8b465ee728b)
Start importing Assets/Handpainted_Grass_and_Ground_Textures/Textures/Grass/Grass_desatured/Grass_desatured_down.png using Guid(bf2b3b343fdc3044fa9aae22230ac40b) Importer(815301076,1909f56bfc062723c751e8b465ee728b) (PreviewImporter) -> (artifact id: '55290700c462364f8f7b305b53315f64') in 0.089311 seconds
Number of updated asset objects reloaded before import = 0Number of asset objects unloaded after import = 2

========================================================================
Received Import Request.
  Time since last request: 356.113707 seconds.
  path: Assets/Handpainted_Grass_and_Ground_Textures/Textures/Dirt/dirt_clay/dirt_clay_down.png
  artifactKey: Guid(a7b05dec520c8cf4c8e08dfef1f84db4) Importer(815301076,1909f56bfc062723c751e8b465ee728b)
Start importing Assets/Handpainted_Grass_and_Ground_Textures/Textures/Dirt/dirt_clay/dirt_clay_down.png using Guid(a7b05dec520c8cf4c8e08dfef1f84db4) Importer(815301076,1909f56bfc062723c751e8b465ee728b) (PreviewImporter) -> (artifact id: 'a63be0ae265e866c60bd63f440b669d2') in 0.1650741 seconds
Number of updated asset objects reloaded before import = 0Number of asset objects unloaded after import = 2

========================================================================
Received Import Request.
  Time since last request: 0.000104 seconds.
  path: Assets/Handpainted_Grass_and_Ground_Textures/Textures/Dirt/dirt_corrupted/dirt_corrupted_left.png
  artifactKey: Guid(03c2d2d1b78d3e747af258eae4abf1cc) Importer(815301076,1909f56bfc062723c751e8b465ee728b)
Start importing Assets/Handpainted_Grass_and_Ground_Textures/Textures/Dirt/dirt_corrupted/dirt_corrupted_left.png using Guid(03c2d2d1b78d3e747af258eae4abf1cc) Importer(815301076,1909f56bfc062723c751e8b465ee728b) (PreviewImporter) -> (artifact id: '71b9319d7cfd3eca3f9eaa6e994d5187') in 0.1488473 seconds
Number of updated asset objects reloaded before import = 0Number of asset objects unloaded after import = 2

========================================================================
Received Import Request.
  Time since last request: 0.000079 seconds.
  path: Assets/Handpainted_Grass_and_Ground_Textures/Textures/Dirt/dirt_desatured/dirt_desatured_down.png
  artifactKey: Guid(29c626e9e6e470248a44438be202c7c0) Importer(815301076,1909f56bfc062723c751e8b465ee728b)
Start importing Assets/Handpainted_Grass_and_Ground_Textures/Textures/Dirt/dirt_desatured/dirt_desatured_down.png using Guid(29c626e9e6e470248a44438be202c7c0) Importer(815301076,1909f56bfc062723c751e8b465ee728b) (PreviewImporter) -> (artifact id: '2059ba10c5f6e0a80703afc3d574cec7') in 0.1821655 seconds
Number of updated asset objects reloaded before import = 0Number of asset objects unloaded after import = 2

========================================================================
Received Import Request.
  Time since last request: 0.000072 seconds.
  path: Assets/Handpainted_Grass_and_Ground_Textures/Textures/Dirt/dirt_corrupted_lighted/dirt_corrupted_lighted_down.png
  artifactKey: Guid(af53ed92faa41fd4ebd43ac7e1a8c086) Importer(815301076,1909f56bfc062723c751e8b465ee728b)
Start importing Assets/Handpainted_Grass_and_Ground_Textures/Textures/Dirt/dirt_corrupted_lighted/dirt_corrupted_lighted_down.png using Guid(af53ed92faa41fd4ebd43ac7e1a8c086) Importer(815301076,1909f56bfc062723c751e8b465ee728b) (PreviewImporter) -> (artifact id: '78446eae63bd6a767b3d20021ddf9002') in 0.137799 seconds
Number of updated asset objects reloaded before import = 0Number of asset objects unloaded after import = 2

========================================================================
Received Import Request.
  Time since last request: 0.000260 seconds.
  path: Assets/Handpainted_Grass_and_Ground_Textures/Textures/Dirt/dirt_lighted_rocks/dirt_lighted_rocks_right.png
  artifactKey: Guid(168bf79e2688a4547819cac011e4caba) Importer(815301076,1909f56bfc062723c751e8b465ee728b)
Start importing Assets/Handpainted_Grass_and_Ground_Textures/Textures/Dirt/dirt_lighted_rocks/dirt_lighted_rocks_right.png using Guid(168bf79e2688a4547819cac011e4caba) Importer(815301076,1909f56bfc062723c751e8b465ee728b) (PreviewImporter) -> (artifact id: '9d134dc2c7dcbdff5423f0a51c18044e') in 0.3176862 seconds
Number of updated asset objects reloaded before import = 0Number of asset objects unloaded after import = 2

========================================================================
Received Import Request.
  Time since last request: 0.000064 seconds.
  path: Assets/Handpainted_Grass_and_Ground_Textures/Textures/Dirt/dirt_desatured_rocks/dirt_desatured_rocks_left.png
  artifactKey: Guid(4d6ff7e7f60f67149ae0fd25fe3ff631) Importer(815301076,1909f56bfc062723c751e8b465ee728b)
Start importing Assets/Handpainted_Grass_and_Ground_Textures/Textures/Dirt/dirt_desatured_rocks/dirt_desatured_rocks_left.png using Guid(4d6ff7e7f60f67149ae0fd25fe3ff631) Importer(815301076,1909f56bfc062723c751e8b465ee728b) (PreviewImporter) -> (artifact id: 'd0ebdf84513acb6dc0a06fd5080b6aa0') in 0.1377835 seconds
Number of updated asset objects reloaded before import = 0Number of asset objects unloaded after import = 2

========================================================================
Received Import Request.
  Time since last request: 0.000077 seconds.
  path: Assets/Handpainted_Grass_and_Ground_Textures/Textures/Dirt/dirt_desatured/dirt_desatured_left.png
  artifactKey: Guid(46cc1e28981d28949961007cbc078393) Importer(815301076,1909f56bfc062723c751e8b465ee728b)
Start importing Assets/Handpainted_Grass_and_Ground_Textures/Textures/Dirt/dirt_desatured/dirt_desatured_left.png using Guid(46cc1e28981d28949961007cbc078393) Importer(815301076,1909f56bfc062723c751e8b465ee728b) (PreviewImporter) -> (artifact id: 'd163be75dc5bac0b34d71f02e8d86b67') in 0.1818521 seconds
Number of updated asset objects reloaded before import = 0Number of asset objects unloaded after import = 2

========================================================================
Received Import Request.
  Time since last request: 0.000091 seconds.
  path: Assets/Handpainted_Grass_and_Ground_Textures/Textures/Dirt/dirt_desatured/dirt_desatured_right.png
  artifactKey: Guid(4186dc0d59579884cb21f99eba31911e) Importer(815301076,1909f56bfc062723c751e8b465ee728b)
Start importing Assets/Handpainted_Grass_and_Ground_Textures/Textures/Dirt/dirt_desatured/dirt_desatured_right.png using Guid(4186dc0d59579884cb21f99eba31911e) Importer(815301076,1909f56bfc062723c751e8b465ee728b) (PreviewImporter) -> (artifact id: 'b0f721a0560c80239d754075856e150b') in 0.1861968 seconds
Number of updated asset objects reloaded before import = 0Number of asset objects unloaded after import = 2

========================================================================
Received Import Request.
  Time since last request: 0.000099 seconds.
  path: Assets/Handpainted_Grass_and_Ground_Textures/Textures/Dirt/dirt_claydarked/dirt_claydarked_left.png
  artifactKey: Guid(c8748b2da9e969c4ba1bc7c5fb221595) Importer(815301076,1909f56bfc062723c751e8b465ee728b)
Start importing Assets/Handpainted_Grass_and_Ground_Textures/Textures/Dirt/dirt_claydarked/dirt_claydarked_left.png using Guid(c8748b2da9e969c4ba1bc7c5fb221595) Importer(815301076,1909f56bfc062723c751e8b465ee728b) (PreviewImporter) -> (artifact id: '93f59bd4a29005e5cd1c1f1b66c91c42') in 0.2468793 seconds
Number of updated asset objects reloaded before import = 0Number of asset objects unloaded after import = 2

========================================================================
Received Import Request.
  Time since last request: 0.000066 seconds.
  path: Assets/Handpainted_Grass_and_Ground_Textures/Textures/Dirt/dirt_lighted/dirt_lighted_up.png
  artifactKey: Guid(20aa0f234461fbc46ae6fe91f504e2f6) Importer(815301076,1909f56bfc062723c751e8b465ee728b)
Start importing Assets/Handpainted_Grass_and_Ground_Textures/Textures/Dirt/dirt_lighted/dirt_lighted_up.png using Guid(20aa0f234461fbc46ae6fe91f504e2f6) Importer(815301076,1909f56bfc062723c751e8b465ee728b) (PreviewImporter) -> (artifact id: 'be460bbc2d2ac7ea64b5d6eee132e3c8') in 0.1676439 seconds
Number of updated asset objects reloaded before import = 0Number of asset objects unloaded after import = 2

========================================================================
Received Import Request.
  Time since last request: 0.000107 seconds.
  path: Assets/Handpainted_Grass_and_Ground_Textures/Textures/Dirt/dirt_overcorrupted/dirt_overcorrupted_right.png
  artifactKey: Guid(57e1518f4c4216f47ab2cf51a7c84a5e) Importer(815301076,1909f56bfc062723c751e8b465ee728b)
Start importing Assets/Handpainted_Grass_and_Ground_Textures/Textures/Dirt/dirt_overcorrupted/dirt_overcorrupted_right.png using Guid(57e1518f4c4216f47ab2cf51a7c84a5e) Importer(815301076,1909f56bfc062723c751e8b465ee728b) (PreviewImporter) -> (artifact id: '45df1bde13fb2a51c22c41b42f86f9a8') in 0.2257904 seconds
Number of updated asset objects reloaded before import = 0Number of asset objects unloaded after import = 2

========================================================================
Received Import Request.
  Time since last request: 0.000107 seconds.
  path: Assets/Handpainted_Grass_and_Ground_Textures/Textures/Grass/Grass_desatured/Grass_desatured_left.png
  artifactKey: Guid(d916e88f8aa1fa442944ce97554f6adf) Importer(815301076,1909f56bfc062723c751e8b465ee728b)
Start importing Assets/Handpainted_Grass_and_Ground_Textures/Textures/Grass/Grass_desatured/Grass_desatured_left.png using Guid(d916e88f8aa1fa442944ce97554f6adf) Importer(815301076,1909f56bfc062723c751e8b465ee728b) (PreviewImporter) -> (artifact id: '14aad5ad2413e022916df71b81efa61c') in 0.069673 seconds
Number of updated asset objects reloaded before import = 0Number of asset objects unloaded after import = 2

========================================================================
Received Import Request.
  Time since last request: 0.000081 seconds.
  path: Assets/Handpainted_Grass_and_Ground_Textures/Textures/Grass/Grass_darked/Grass_darked_left.png
  artifactKey: Guid(2d46fcecf861db146a6a331115071f0e) Importer(815301076,1909f56bfc062723c751e8b465ee728b)
Start importing Assets/Handpainted_Grass_and_Ground_Textures/Textures/Grass/Grass_darked/Grass_darked_left.png using Guid(2d46fcecf861db146a6a331115071f0e) Importer(815301076,1909f56bfc062723c751e8b465ee728b) (PreviewImporter) -> (artifact id: 'c515198359995acecc59036c8c37ea0c') in 0.1380982 seconds
Number of updated asset objects reloaded before import = 0Number of asset objects unloaded after import = 2

========================================================================
Received Import Request.
  Time since last request: 0.000061 seconds.
  path: Assets/Handpainted_Grass_and_Ground_Textures/Textures/Grass/Grass_swamp_lighted/Grass_swamp_lighted_right.png
  artifactKey: Guid(b9cc1b4e12ee8504b8820d2f834b2ca7) Importer(815301076,1909f56bfc062723c751e8b465ee728b)
Start importing Assets/Handpainted_Grass_and_Ground_Textures/Textures/Grass/Grass_swamp_lighted/Grass_swamp_lighted_right.png using Guid(b9cc1b4e12ee8504b8820d2f834b2ca7) Importer(815301076,1909f56bfc062723c751e8b465ee728b) (PreviewImporter) -> (artifact id: 'd4577570374393fd02b83080a10415da') in 0.7102598 seconds
Number of updated asset objects reloaded before import = 0Number of asset objects unloaded after import = 2

========================================================================
Received Import Request.
  Time since last request: 0.000146 seconds.
  path: Assets/Polytope Studio/Lowpoly_Environments/Sources/Textures/PT_Water_NM_01.png
  artifactKey: Guid(a78adb8868cccbe4a92d9d81db916e6e) Importer(815301076,1909f56bfc062723c751e8b465ee728b)
Start importing Assets/Polytope Studio/Lowpoly_Environments/Sources/Textures/PT_Water_NM_01.png using Guid(a78adb8868cccbe4a92d9d81db916e6e) Importer(815301076,1909f56bfc062723c751e8b465ee728b) (PreviewImporter) -> (artifact id: '182344c4110d1820e7e5a783c5b5ff3e') in 0.1920144 seconds
Number of updated asset objects reloaded before import = 0Number of asset objects unloaded after import = 2

========================================================================
Received Import Request.
  Time since last request: 0.000190 seconds.
  path: Assets/Handpainted_Grass_and_Ground_Textures/Textures/Snow/snow_step_006.png
  artifactKey: Guid(5f0db5799f4eac647b28327a42a907b9) Importer(815301076,1909f56bfc062723c751e8b465ee728b)
Start importing Assets/Handpainted_Grass_and_Ground_Textures/Textures/Snow/snow_step_006.png using Guid(5f0db5799f4eac647b28327a42a907b9) Importer(815301076,1909f56bfc062723c751e8b465ee728b) (PreviewImporter) -> (artifact id: '08612f5a87e47805afd2b88d710bb7e9') in 0.1811927 seconds
Number of updated asset objects reloaded before import = 0Number of asset objects unloaded after import = 2

========================================================================
Received Import Request.
  Time since last request: 0.000112 seconds.
  path: Assets/Polytope Studio/Lowpoly_Environments/Sources/Textures/PT_Generic_Leaves_01.png
  artifactKey: Guid(55a083d549e055045948e2083099df16) Importer(815301076,1909f56bfc062723c751e8b465ee728b)
Start importing Assets/Polytope Studio/Lowpoly_Environments/Sources/Textures/PT_Generic_Leaves_01.png using Guid(55a083d549e055045948e2083099df16) Importer(815301076,1909f56bfc062723c751e8b465ee728b) (PreviewImporter) -> (artifact id: 'd3d421136c78616a6b712f5878339d34') in 0.2664561 seconds
Number of updated asset objects reloaded before import = 0Number of asset objects unloaded after import = 2

========================================================================
Received Import Request.
  Time since last request: 0.000091 seconds.
  path: Assets/Polytope Studio/Lowpoly_Village/Sources/Textures/PT_Medieval_Buildings_Texture_01mask2.png
  artifactKey: Guid(da4b5e2c1255f2e40bad4bd005f99f2c) Importer(815301076,1909f56bfc062723c751e8b465ee728b)
Start importing Assets/Polytope Studio/Lowpoly_Village/Sources/Textures/PT_Medieval_Buildings_Texture_01mask2.png using Guid(da4b5e2c1255f2e40bad4bd005f99f2c) Importer(815301076,1909f56bfc062723c751e8b465ee728b) (PreviewImporter) -> (artifact id: 'c57e7d2c46100ce002b73951ae028273') in 0.1879433 seconds
Number of updated asset objects reloaded before import = 0Number of asset objects unloaded after import = 2

========================================================================
Received Import Request.
  Time since last request: 0.000100 seconds.
  path: Assets/Polytope Studio/Lowpoly_Demos/Environment_Free/Helpers/Terrain/TerrainData_832163fb-b19c-4118-97c2-cf0a3b224fca.asset
  artifactKey: Guid(b273ce15435a60644bcd2c174476a708) Importer(815301076,1909f56bfc062723c751e8b465ee728b)
Start importing Assets/Polytope Studio/Lowpoly_Demos/Environment_Free/Helpers/Terrain/TerrainData_832163fb-b19c-4118-97c2-cf0a3b224fca.asset using Guid(b273ce15435a60644bcd2c174476a708) Importer(815301076,1909f56bfc062723c751e8b465ee728b) (PreviewImporter) -> (artifact id: '14bfb2d93626f1d438ce72ce499b8e54') in 0.3286389 seconds
Number of updated asset objects reloaded before import = 0Number of asset objects unloaded after import = 24

========================================================================
Received Import Request.
  Time since last request: 0.000083 seconds.
  path: Assets/Polytope Studio/Lowpoly_Environments/Sources/Textures/PT_Generic_Tree_Leaves_01.png
  artifactKey: Guid(f2ee3ef6a109f0f4b8bfd6f7c1e310f4) Importer(815301076,1909f56bfc062723c751e8b465ee728b)
Start importing Assets/Polytope Studio/Lowpoly_Environments/Sources/Textures/PT_Generic_Tree_Leaves_01.png using Guid(f2ee3ef6a109f0f4b8bfd6f7c1e310f4) Importer(815301076,1909f56bfc062723c751e8b465ee728b) (PreviewImporter) -> (artifact id: '6a0a1064a40a9c68ceb82a08ec4cf196') in 0.246073 seconds
Number of updated asset objects reloaded before import = 0Number of asset objects unloaded after import = 2

========================================================================
Received Import Request.
  Time since last request: 0.000098 seconds.
  path: Assets/Handpainted_Grass_and_Ground_Textures/Textures/Grass/Grass_desatured/Grass_desatured_up.png
  artifactKey: Guid(08fd9bc0030381b4f832659a4622fcbc) Importer(815301076,1909f56bfc062723c751e8b465ee728b)
Start importing Assets/Handpainted_Grass_and_Ground_Textures/Textures/Grass/Grass_desatured/Grass_desatured_up.png using Guid(08fd9bc0030381b4f832659a4622fcbc) Importer(815301076,1909f56bfc062723c751e8b465ee728b) (PreviewImporter) -> (artifact id: 'd4aa8a65d37fd954814b9f729c230e6b') in 0.1882117 seconds
Number of updated asset objects reloaded before import = 0Number of asset objects unloaded after import = 2

========================================================================
Received Import Request.
  Time since last request: 0.000078 seconds.
  path: Assets/Polytope Studio/Lowpoly_Village/Sources/Textures/PT_Medieval_Buildings_Texture_Mask_01.png
  artifactKey: Guid(c91055552562c3941a1c318e8d5bc5c5) Importer(815301076,1909f56bfc062723c751e8b465ee728b)
Start importing Assets/Polytope Studio/Lowpoly_Village/Sources/Textures/PT_Medieval_Buildings_Texture_Mask_01.png using Guid(c91055552562c3941a1c318e8d5bc5c5) Importer(815301076,1909f56bfc062723c751e8b465ee728b) (PreviewImporter) -> (artifact id: '35ea00e2787a07169d5ab9e1ae2676a4') in 0.0628476 seconds
Number of updated asset objects reloaded before import = 0Number of asset objects unloaded after import = 2

========================================================================
Received Import Request.
  Time since last request: 0.000094 seconds.
  path: Assets/Handpainted_Grass_and_Ground_Textures/Textures/Grass/Grass_bluetint/Grass_bluetint_up.png
  artifactKey: Guid(87faeff29765dd54d93f5ba0cdabfa58) Importer(815301076,1909f56bfc062723c751e8b465ee728b)
Start importing Assets/Handpainted_Grass_and_Ground_Textures/Textures/Grass/Grass_bluetint/Grass_bluetint_up.png using Guid(87faeff29765dd54d93f5ba0cdabfa58) Importer(815301076,1909f56bfc062723c751e8b465ee728b) (PreviewImporter) -> (artifact id: 'b073efff9137c052852be25a1dbf66d0') in 0.2151881 seconds
Number of updated asset objects reloaded before import = 0Number of asset objects unloaded after import = 2

========================================================================
Received Import Request.
  Time since last request: 0.000115 seconds.
  path: Assets/Handpainted_Grass_and_Ground_Textures/Textures/Snow/snow_super_dark_step_007.png
  artifactKey: Guid(fc1d5bb3816d590439581cef1f715162) Importer(815301076,1909f56bfc062723c751e8b465ee728b)
Start importing Assets/Handpainted_Grass_and_Ground_Textures/Textures/Snow/snow_super_dark_step_007.png using Guid(fc1d5bb3816d590439581cef1f715162) Importer(815301076,1909f56bfc062723c751e8b465ee728b) (PreviewImporter) -> (artifact id: '37f54229c225f37385263e9016670c19') in 0.2159612 seconds
Number of updated asset objects reloaded before import = 0Number of asset objects unloaded after import = 2

========================================================================
Received Import Request.
  Time since last request: 0.000094 seconds.
  path: Assets/Handpainted_Grass_and_Ground_Textures/Textures/Snow/snow_dark_step_005.png
  artifactKey: Guid(cdf5143628bf7444ea06f268c1cfddb4) Importer(815301076,1909f56bfc062723c751e8b465ee728b)
Start importing Assets/Handpainted_Grass_and_Ground_Textures/Textures/Snow/snow_dark_step_005.png using Guid(cdf5143628bf7444ea06f268c1cfddb4) Importer(815301076,1909f56bfc062723c751e8b465ee728b) (PreviewImporter) -> (artifact id: '1fe027eb0346e2d36ab00381959a4b5f') in 0.1469971 seconds
Number of updated asset objects reloaded before import = 0Number of asset objects unloaded after import = 2

========================================================================
Received Import Request.
  Time since last request: 0.000074 seconds.
  path: Assets/Handpainted_Grass_and_Ground_Textures/Textures/Grass/Grass_swamp_normal/Grass_swamp_normal_left.png
  artifactKey: Guid(23dbddfba2811ae4bbbcbcffa26a5eda) Importer(815301076,1909f56bfc062723c751e8b465ee728b)
Start importing Assets/Handpainted_Grass_and_Ground_Textures/Textures/Grass/Grass_swamp_normal/Grass_swamp_normal_left.png using Guid(23dbddfba2811ae4bbbcbcffa26a5eda) Importer(815301076,1909f56bfc062723c751e8b465ee728b) (PreviewImporter) -> (artifact id: '7f0f79203de3a7d0f1553141d8aa3a1e') in 0.1442704 seconds
Number of updated asset objects reloaded before import = 0Number of asset objects unloaded after import = 2

========================================================================
Received Import Request.
  Time since last request: 0.000095 seconds.
  path: Assets/Polytope Studio/Lowpoly_Environments/Sources/Textures/PT_Tree_Trunk_01.png
  artifactKey: Guid(5733ec0c27e7c9d41a230d27ca7b85d4) Importer(815301076,1909f56bfc062723c751e8b465ee728b)
Start importing Assets/Polytope Studio/Lowpoly_Environments/Sources/Textures/PT_Tree_Trunk_01.png using Guid(5733ec0c27e7c9d41a230d27ca7b85d4) Importer(815301076,1909f56bfc062723c751e8b465ee728b) (PreviewImporter) -> (artifact id: '2350a9bd2c8f515982fc91396f714f14') in 0.099265 seconds
Number of updated asset objects reloaded before import = 0Number of asset objects unloaded after import = 2

========================================================================
Received Import Request.
  Time since last request: 0.000077 seconds.
  path: Assets/Handpainted_Grass_and_Ground_Textures/Textures/Dirt/dirt_overdesatured/dirt_overdesatured_right.png
  artifactKey: Guid(963c986739d9af642943566c5d733092) Importer(815301076,1909f56bfc062723c751e8b465ee728b)
Start importing Assets/Handpainted_Grass_and_Ground_Textures/Textures/Dirt/dirt_overdesatured/dirt_overdesatured_right.png using Guid(963c986739d9af642943566c5d733092) Importer(815301076,1909f56bfc062723c751e8b465ee728b) (PreviewImporter) -> (artifact id: '21006f47884255a28b1ca2ee89ec1f09') in 0.1283482 seconds
Number of updated asset objects reloaded before import = 0Number of asset objects unloaded after import = 2

========================================================================
Received Import Request.
  Time since last request: 0.000079 seconds.
  path: Assets/Handpainted_Grass_and_Ground_Textures/Textures/Snow/snow_step_003.png
  artifactKey: Guid(d2b861fad968c574c9312f5ce9c8fbb0) Importer(815301076,1909f56bfc062723c751e8b465ee728b)
Start importing Assets/Handpainted_Grass_and_Ground_Textures/Textures/Snow/snow_step_003.png using Guid(d2b861fad968c574c9312f5ce9c8fbb0) Importer(815301076,1909f56bfc062723c751e8b465ee728b) (PreviewImporter) -> (artifact id: 'dd218adb5b36248221592dcfa162ddb0') in 0.1651822 seconds
Number of updated asset objects reloaded before import = 0Number of asset objects unloaded after import = 2

========================================================================
Received Import Request.
  Time since last request: 0.000058 seconds.
  path: Assets/TutorialInfo/Icons/URP.png
  artifactKey: Guid(727a75301c3d24613a3ebcec4a24c2c8) Importer(815301076,1909f56bfc062723c751e8b465ee728b)
Start importing Assets/TutorialInfo/Icons/URP.png using Guid(727a75301c3d24613a3ebcec4a24c2c8) Importer(815301076,1909f56bfc062723c751e8b465ee728b) (PreviewImporter) -> (artifact id: 'c04b2cf1bfb0a1765ee5b713fde77e90') in 0.1360279 seconds
Number of updated asset objects reloaded before import = 0Number of asset objects unloaded after import = 2

========================================================================
Received Import Request.
  Time since last request: 0.000133 seconds.
  path: Assets/Handpainted_Grass_and_Ground_Textures/Textures/Snow/snow_super_dark_step_008.png
  artifactKey: Guid(571a212af263b2c47ace08d1cd1bd3b5) Importer(815301076,1909f56bfc062723c751e8b465ee728b)
Start importing Assets/Handpainted_Grass_and_Ground_Textures/Textures/Snow/snow_super_dark_step_008.png using Guid(571a212af263b2c47ace08d1cd1bd3b5) Importer(815301076,1909f56bfc062723c751e8b465ee728b) (PreviewImporter) -> (artifact id: 'e545498690b3174d1d3d2133150b4746') in 0.1515817 seconds
Number of updated asset objects reloaded before import = 0Number of asset objects unloaded after import = 2

========================================================================
Received Import Request.
  Time since last request: 0.000075 seconds.
  path: Assets/Handpainted_Grass_and_Ground_Textures/Textures/Grass/Grass_lighted/Grass_lighted_left.png
  artifactKey: Guid(80d6d2d5125a9fa43999ca6f99876b08) Importer(815301076,1909f56bfc062723c751e8b465ee728b)
Start importing Assets/Handpainted_Grass_and_Ground_Textures/Textures/Grass/Grass_lighted/Grass_lighted_left.png using Guid(80d6d2d5125a9fa43999ca6f99876b08) Importer(815301076,1909f56bfc062723c751e8b465ee728b) (PreviewImporter) -> (artifact id: 'db086801268ccbabe99ff815ef581f90') in 0.2906938 seconds
Number of updated asset objects reloaded before import = 0Number of asset objects unloaded after import = 2

========================================================================
Received Import Request.
  Time since last request: 0.000077 seconds.
  path: Assets/Handpainted_Grass_and_Ground_Textures/Textures/Snow/snow_super_dark_step_004.png
  artifactKey: Guid(d9fc12878fd9aab429f0b32a0de2a946) Importer(815301076,1909f56bfc062723c751e8b465ee728b)
Start importing Assets/Handpainted_Grass_and_Ground_Textures/Textures/Snow/snow_super_dark_step_004.png using Guid(d9fc12878fd9aab429f0b32a0de2a946) Importer(815301076,1909f56bfc062723c751e8b465ee728b) (PreviewImporter) -> (artifact id: 'e175d011ea31a3d9821262774dd4963d') in 0.1210815 seconds
Number of updated asset objects reloaded before import = 0Number of asset objects unloaded after import = 2

========================================================================
Received Import Request.
  Time since last request: 0.000063 seconds.
  path: Assets/Handpainted_Grass_and_Ground_Textures/Textures/Grass/Grass_swamp_normal/Grass_swamp_normal_up.png
  artifactKey: Guid(7f9cef2ef4dd02d4c9ffdf0b77dc74ea) Importer(815301076,1909f56bfc062723c751e8b465ee728b)
Start importing Assets/Handpainted_Grass_and_Ground_Textures/Textures/Grass/Grass_swamp_normal/Grass_swamp_normal_up.png using Guid(7f9cef2ef4dd02d4c9ffdf0b77dc74ea) Importer(815301076,1909f56bfc062723c751e8b465ee728b) (PreviewImporter) -> (artifact id: 'd7c0b32c5fe20a7bfd0d390ed8c0e5e2') in 0.1329903 seconds
Number of updated asset objects reloaded before import = 0Number of asset objects unloaded after import = 2

========================================================================
Received Import Request.
  Time since last request: 0.000131 seconds.
  path: Assets/Polytope Studio/Lowpoly_Village/Sources/Textures/PT_Medieval_Buildings_Texture_01.png
  artifactKey: Guid(34892be16c52f1948b4b5666052d6bf5) Importer(815301076,1909f56bfc062723c751e8b465ee728b)
Start importing Assets/Polytope Studio/Lowpoly_Village/Sources/Textures/PT_Medieval_Buildings_Texture_01.png using Guid(34892be16c52f1948b4b5666052d6bf5) Importer(815301076,1909f56bfc062723c751e8b465ee728b) (PreviewImporter) -> (artifact id: '04ff273e1fd3cb782ebc4d0894093ae9') in 0.2391794 seconds
Number of updated asset objects reloaded before import = 0Number of asset objects unloaded after import = 2

========================================================================
Received Import Request.
  Time since last request: 0.000071 seconds.
  path: Assets/Polytope Studio/Lowpoly_Demos/Environment_Free/Helpers/Terrain/TerrainData_88efe361-6f68-4188-bcd0-e9554ca440b9.asset
  artifactKey: Guid(f2e008cefb3ff674e8c681a3f961fb80) Importer(815301076,1909f56bfc062723c751e8b465ee728b)
Start importing Assets/Polytope Studio/Lowpoly_Demos/Environment_Free/Helpers/Terrain/TerrainData_88efe361-6f68-4188-bcd0-e9554ca440b9.asset using Guid(f2e008cefb3ff674e8c681a3f961fb80) Importer(815301076,1909f56bfc062723c751e8b465ee728b) (PreviewImporter) -> (artifact id: 'dd4a7eee8468a80d204584934669563d') in 0.192609 seconds
Number of updated asset objects reloaded before import = 0Number of asset objects unloaded after import = 24

========================================================================
Received Import Request.
  Time since last request: 0.000094 seconds.
  path: Assets/Handpainted_Grass_and_Ground_Textures/Textures/Dirt/dirt_corrupted/dirt_corrupted_up.png
  artifactKey: Guid(cb541e13f614ed748a9058d942f9e9f4) Importer(815301076,1909f56bfc062723c751e8b465ee728b)
Start importing Assets/Handpainted_Grass_and_Ground_Textures/Textures/Dirt/dirt_corrupted/dirt_corrupted_up.png using Guid(cb541e13f614ed748a9058d942f9e9f4) Importer(815301076,1909f56bfc062723c751e8b465ee728b) (PreviewImporter) -> (artifact id: 'b1865fda585a7d14806b145ef2944c6a') in 0.1484466 seconds
Number of updated asset objects reloaded before import = 0Number of asset objects unloaded after import = 2

========================================================================
Received Import Request.
  Time since last request: 0.000059 seconds.
  path: Assets/Handpainted_Grass_and_Ground_Textures/Textures/Dirt/dirt_clay/dirt_clay_up.png
  artifactKey: Guid(7334f41aedeae534fb57921b121a9f1f) Importer(815301076,1909f56bfc062723c751e8b465ee728b)
Start importing Assets/Handpainted_Grass_and_Ground_Textures/Textures/Dirt/dirt_clay/dirt_clay_up.png using Guid(7334f41aedeae534fb57921b121a9f1f) Importer(815301076,1909f56bfc062723c751e8b465ee728b) (PreviewImporter) -> (artifact id: '86df269d9b233afe8377d07aef887702') in 0.1676219 seconds
Number of updated asset objects reloaded before import = 0Number of asset objects unloaded after import = 2

========================================================================
Received Import Request.
  Time since last request: 0.000097 seconds.
  path: Assets/Handpainted_Grass_and_Ground_Textures/Textures/Dirt/dirt_desatured/dirt_desatured_up.png
  artifactKey: Guid(10a14fab7fa5c6b4cb60a29eb6e01303) Importer(815301076,1909f56bfc062723c751e8b465ee728b)
Start importing Assets/Handpainted_Grass_and_Ground_Textures/Textures/Dirt/dirt_desatured/dirt_desatured_up.png using Guid(10a14fab7fa5c6b4cb60a29eb6e01303) Importer(815301076,1909f56bfc062723c751e8b465ee728b) (PreviewImporter) -> (artifact id: '13c09527a7a488985e7032743bc11222') in 0.1889985 seconds
Number of updated asset objects reloaded before import = 0Number of asset objects unloaded after import = 2

========================================================================
Received Import Request.
  Time since last request: 0.000059 seconds.
  path: Assets/Handpainted_Grass_and_Ground_Textures/Textures/Snow/snow_step_005.png
  artifactKey: Guid(b45f270e087ead1448e78cc8447e03f6) Importer(815301076,1909f56bfc062723c751e8b465ee728b)
Start importing Assets/Handpainted_Grass_and_Ground_Textures/Textures/Snow/snow_step_005.png using Guid(b45f270e087ead1448e78cc8447e03f6) Importer(815301076,1909f56bfc062723c751e8b465ee728b) (PreviewImporter) -> (artifact id: 'dfff73182a09e2e7c1006beb93a5561c') in 0.1748112 seconds
Number of updated asset objects reloaded before import = 0Number of asset objects unloaded after import = 2

========================================================================
Received Import Request.
  Time since last request: 0.000080 seconds.
  path: Assets/Handpainted_Grass_and_Ground_Textures/Textures/Dirt/dirt_overdesatured/dirt_overdesatured_down.png
  artifactKey: Guid(f1c4c6bce19b05f48aa26fb0b06fd7e0) Importer(815301076,1909f56bfc062723c751e8b465ee728b)
Start importing Assets/Handpainted_Grass_and_Ground_Textures/Textures/Dirt/dirt_overdesatured/dirt_overdesatured_down.png using Guid(f1c4c6bce19b05f48aa26fb0b06fd7e0) Importer(815301076,1909f56bfc062723c751e8b465ee728b) (PreviewImporter) -> (artifact id: 'bbf0021ddc1c577db6ffed26876e4c75') in 0.2062183 seconds
Number of updated asset objects reloaded before import = 0Number of asset objects unloaded after import = 2

========================================================================
Received Import Request.
  Time since last request: 0.000082 seconds.
  path: Assets/Handpainted_Grass_and_Ground_Textures/Textures/Dirt/dirt_corrupted/dirt_corrupted_right.png
  artifactKey: Guid(35c017070b9f2494cb3c10563316fa3a) Importer(815301076,1909f56bfc062723c751e8b465ee728b)
Start importing Assets/Handpainted_Grass_and_Ground_Textures/Textures/Dirt/dirt_corrupted/dirt_corrupted_right.png using Guid(35c017070b9f2494cb3c10563316fa3a) Importer(815301076,1909f56bfc062723c751e8b465ee728b) (PreviewImporter) -> (artifact id: 'c3bb6ee8725e403e87424932654e07a8') in 0.1752784 seconds
Number of updated asset objects reloaded before import = 0Number of asset objects unloaded after import = 2

========================================================================
Received Import Request.
  Time since last request: 0.000077 seconds.
  path: Assets/Handpainted_Grass_and_Ground_Textures/Textures/Dirt/dirt_desatured_rocks/dirt_desatured_rocks_up.png
  artifactKey: Guid(3e38a850c0ef7cf44bdba15f73c994b8) Importer(815301076,1909f56bfc062723c751e8b465ee728b)
Start importing Assets/Handpainted_Grass_and_Ground_Textures/Textures/Dirt/dirt_desatured_rocks/dirt_desatured_rocks_up.png using Guid(3e38a850c0ef7cf44bdba15f73c994b8) Importer(815301076,1909f56bfc062723c751e8b465ee728b) (PreviewImporter) -> (artifact id: 'fa230fe6626dc313f38c43834c06ebd7') in 0.2129671 seconds
Number of updated asset objects reloaded before import = 0Number of asset objects unloaded after import = 2

========================================================================
Received Import Request.
  Time since last request: 0.000103 seconds.
  path: Assets/Handpainted_Grass_and_Ground_Textures/Textures/Dirt/dirt_lighted_rocks/dirt_lighted_rocks_down.png
  artifactKey: Guid(85ed2b41abc7c82499e10ac4feaa0590) Importer(815301076,1909f56bfc062723c751e8b465ee728b)
Start importing Assets/Handpainted_Grass_and_Ground_Textures/Textures/Dirt/dirt_lighted_rocks/dirt_lighted_rocks_down.png using Guid(85ed2b41abc7c82499e10ac4feaa0590) Importer(815301076,1909f56bfc062723c751e8b465ee728b) (PreviewImporter) -> (artifact id: '5f0a132065d76eafa3d900b9a652d2b5') in 0.3074838 seconds
Number of updated asset objects reloaded before import = 0Number of asset objects unloaded after import = 2

========================================================================
Received Import Request.
  Time since last request: 0.000089 seconds.
  path: Assets/Handpainted_Grass_and_Ground_Textures/Textures/Dirt/dirt_normal/dirt_normal_down.png
  artifactKey: Guid(a75e09f09d7d9534a89ffd4ef071b436) Importer(815301076,1909f56bfc062723c751e8b465ee728b)
Start importing Assets/Handpainted_Grass_and_Ground_Textures/Textures/Dirt/dirt_normal/dirt_normal_down.png using Guid(a75e09f09d7d9534a89ffd4ef071b436) Importer(815301076,1909f56bfc062723c751e8b465ee728b) (PreviewImporter) -> (artifact id: '51eb6995a4dec5d3f7fd76c16de4f298') in 0.211405 seconds
Number of updated asset objects reloaded before import = 0Number of asset objects unloaded after import = 2

========================================================================
Received Import Request.
  Time since last request: 0.000072 seconds.
  path: Assets/Handpainted_Grass_and_Ground_Textures/Textures/Grass/Grass_lighted/Grass_lighted_up.png
  artifactKey: Guid(9273b0666f47d5e4e86165bf96cb7404) Importer(815301076,1909f56bfc062723c751e8b465ee728b)
Start importing Assets/Handpainted_Grass_and_Ground_Textures/Textures/Grass/Grass_lighted/Grass_lighted_up.png using Guid(9273b0666f47d5e4e86165bf96cb7404) Importer(815301076,1909f56bfc062723c751e8b465ee728b) (PreviewImporter) -> (artifact id: 'ab09dba2db486d800989025b22db65eb') in 0.1943407 seconds
Number of updated asset objects reloaded before import = 0Number of asset objects unloaded after import = 2

========================================================================
Received Import Request.
  Time since last request: 0.000419 seconds.
  path: Assets/Handpainted_Grass_and_Ground_Textures/Textures/Snow/snow_dark_step_003.png
  artifactKey: Guid(521e12763c5634e44a33c34267921e67) Importer(815301076,1909f56bfc062723c751e8b465ee728b)
Start importing Assets/Handpainted_Grass_and_Ground_Textures/Textures/Snow/snow_dark_step_003.png using Guid(521e12763c5634e44a33c34267921e67) Importer(815301076,1909f56bfc062723c751e8b465ee728b) (PreviewImporter) -> (artifact id: 'bddeae6676d097354e3e86f8b41bb6af') in 0.5061451 seconds
Number of updated asset objects reloaded before import = 0Number of asset objects unloaded after import = 2

========================================================================
Received Import Request.
  Time since last request: 0.000077 seconds.
  path: Assets/Polytope Studio/Lowpoly_Environments/Sources/Textures/PT_Ground_Grass_Green_01.png
  artifactKey: Guid(8c75ba30e5f76df4fb30725e4c9bf38a) Importer(815301076,1909f56bfc062723c751e8b465ee728b)
Start importing Assets/Polytope Studio/Lowpoly_Environments/Sources/Textures/PT_Ground_Grass_Green_01.png using Guid(8c75ba30e5f76df4fb30725e4c9bf38a) Importer(815301076,1909f56bfc062723c751e8b465ee728b) (PreviewImporter) -> (artifact id: 'bd434c7f73151a3612e6e92ed17d6c49') in 0.1779918 seconds
Number of updated asset objects reloaded before import = 0Number of asset objects unloaded after import = 2

========================================================================
Received Import Request.
  Time since last request: 0.000099 seconds.
  path: Assets/Handpainted_Grass_and_Ground_Textures/Textures/Snow/snow_dark_step_002.png
  artifactKey: Guid(2826a1d0587eb884fa46e577b80311bf) Importer(815301076,1909f56bfc062723c751e8b465ee728b)
Start importing Assets/Handpainted_Grass_and_Ground_Textures/Textures/Snow/snow_dark_step_002.png using Guid(2826a1d0587eb884fa46e577b80311bf) Importer(815301076,1909f56bfc062723c751e8b465ee728b) (PreviewImporter) -> (artifact id: 'ac2c037a64919b070ffa37417bbdf5d8') in 0.1705145 seconds
Number of updated asset objects reloaded before import = 0Number of asset objects unloaded after import = 2

========================================================================
Received Import Request.
  Time since last request: 0.000090 seconds.
  path: Assets/Handpainted_Grass_and_Ground_Textures/Textures/Grass/Grass_corrupted/Grass_corrupted_down.png
  artifactKey: Guid(3d2d1e0a5d613ec41bd2b90a7d0ecec6) Importer(815301076,1909f56bfc062723c751e8b465ee728b)
Start importing Assets/Handpainted_Grass_and_Ground_Textures/Textures/Grass/Grass_corrupted/Grass_corrupted_down.png using Guid(3d2d1e0a5d613ec41bd2b90a7d0ecec6) Importer(815301076,1909f56bfc062723c751e8b465ee728b) (PreviewImporter) -> (artifact id: '280ab7b9dfe3fb9fe4ee347637ce219e') in 0.1871582 seconds
Number of updated asset objects reloaded before import = 0Number of asset objects unloaded after import = 2

========================================================================
Received Import Request.
  Time since last request: 0.000122 seconds.
  path: Assets/Handpainted_Grass_and_Ground_Textures/Textures/Grass/Grass_swamp_normal/Grass_swamp_normal_down.png
  artifactKey: Guid(b30ef1b99587eb844b863df6c6535bd7) Importer(815301076,1909f56bfc062723c751e8b465ee728b)
Start importing Assets/Handpainted_Grass_and_Ground_Textures/Textures/Grass/Grass_swamp_normal/Grass_swamp_normal_down.png using Guid(b30ef1b99587eb844b863df6c6535bd7) Importer(815301076,1909f56bfc062723c751e8b465ee728b) (PreviewImporter) -> (artifact id: '149ce879ee88a19d23ffe73b884f4190') in 0.1961879 seconds
Number of updated asset objects reloaded before import = 0Number of asset objects unloaded after import = 2

========================================================================
Received Import Request.
  Time since last request: 0.000077 seconds.
  path: Assets/Polytope Studio/Lowpoly_Environments/Sources/Textures/PT_Fruit_Tree_Leaves_01.png
  artifactKey: Guid(d2f321fff7f05aa49ad106541e997dd3) Importer(815301076,1909f56bfc062723c751e8b465ee728b)
Start importing Assets/Polytope Studio/Lowpoly_Environments/Sources/Textures/PT_Fruit_Tree_Leaves_01.png using Guid(d2f321fff7f05aa49ad106541e997dd3) Importer(815301076,1909f56bfc062723c751e8b465ee728b) (PreviewImporter) -> (artifact id: '018e4603756c2f5f65e0386a434dd8c9') in 0.2187029 seconds
Number of updated asset objects reloaded before import = 0Number of asset objects unloaded after import = 2

========================================================================
Received Import Request.
  Time since last request: 0.000078 seconds.
  path: Assets/Polytope Studio/Lowpoly_Demos/Environment_Free/Helpers/Terrain/TerrainData_6dc76592-a48a-4163-91df-c29ec1a99c66.asset
  artifactKey: Guid(c40d5572f8d7d6843bd8d20c21f1c0be) Importer(815301076,1909f56bfc062723c751e8b465ee728b)
Start importing Assets/Polytope Studio/Lowpoly_Demos/Environment_Free/Helpers/Terrain/TerrainData_6dc76592-a48a-4163-91df-c29ec1a99c66.asset using Guid(c40d5572f8d7d6843bd8d20c21f1c0be) Importer(815301076,1909f56bfc062723c751e8b465ee728b) (PreviewImporter) -> (artifact id: 'd0c89ddbd3897849c4d489e7df4f09aa') in 0.4063483 seconds
Number of updated asset objects reloaded before import = 0Number of asset objects unloaded after import = 24

========================================================================
Received Import Request.
  Time since last request: 0.000085 seconds.
  path: Assets/Handpainted_Grass_and_Ground_Textures/Textures/Snow/snow_step_002.png
  artifactKey: Guid(1d644c45198c23a49ac4a7c22f844856) Importer(815301076,1909f56bfc062723c751e8b465ee728b)
Start importing Assets/Handpainted_Grass_and_Ground_Textures/Textures/Snow/snow_step_002.png using Guid(1d644c45198c23a49ac4a7c22f844856) Importer(815301076,1909f56bfc062723c751e8b465ee728b) (PreviewImporter) -> (artifact id: 'e5e0a40d9cd9e6fba9b21e445c1faed8') in 0.214739 seconds
Number of updated asset objects reloaded before import = 0Number of asset objects unloaded after import = 2

========================================================================
Received Import Request.
  Time since last request: 0.000125 seconds.
  path: Assets/Handpainted_Grass_and_Ground_Textures/Textures/Grass/Grass_overcorrupted/Grass_overcorrupted_up.png
  artifactKey: Guid(fd8c3363a4dd30247bee08b93a86a3a9) Importer(815301076,1909f56bfc062723c751e8b465ee728b)
Start importing Assets/Handpainted_Grass_and_Ground_Textures/Textures/Grass/Grass_overcorrupted/Grass_overcorrupted_up.png using Guid(fd8c3363a4dd30247bee08b93a86a3a9) Importer(815301076,1909f56bfc062723c751e8b465ee728b) (PreviewImporter) -> (artifact id: '8b1f60c636564d528c72f296deaaa88c') in 0.2285171 seconds
Number of updated asset objects reloaded before import = 0Number of asset objects unloaded after import = 2

========================================================================
Received Import Request.
  Time since last request: 0.000079 seconds.
  path: Assets/Handpainted_Grass_and_Ground_Textures/Textures/Grass/Grass_corrupted/Grass_corrupted_left.png
  artifactKey: Guid(9f92a1df145a03f4e8cc6de30c1f413a) Importer(815301076,1909f56bfc062723c751e8b465ee728b)
Start importing Assets/Handpainted_Grass_and_Ground_Textures/Textures/Grass/Grass_corrupted/Grass_corrupted_left.png using Guid(9f92a1df145a03f4e8cc6de30c1f413a) Importer(815301076,1909f56bfc062723c751e8b465ee728b) (PreviewImporter) -> (artifact id: 'd5b6605c80a996a2b0c2b9c084f0dc0a') in 0.155022 seconds
Number of updated asset objects reloaded before import = 0Number of asset objects unloaded after import = 2

========================================================================
Received Import Request.
  Time since last request: 0.000098 seconds.
  path: Assets/Handpainted_Grass_and_Ground_Textures/Textures/Snow/snow_super_dark_step_001.png
  artifactKey: Guid(b8afc2645b654e647b6e6262f6ff887d) Importer(815301076,1909f56bfc062723c751e8b465ee728b)
Start importing Assets/Handpainted_Grass_and_Ground_Textures/Textures/Snow/snow_super_dark_step_001.png using Guid(b8afc2645b654e647b6e6262f6ff887d) Importer(815301076,1909f56bfc062723c751e8b465ee728b) (PreviewImporter) -> (artifact id: 'ea03c3a58a83a8c70719f53588e431f2') in 0.1374218 seconds
Number of updated asset objects reloaded before import = 0Number of asset objects unloaded after import = 2

========================================================================
Received Import Request.
  Time since last request: 0.000074 seconds.
  path: Assets/Polytope Studio/Lowpoly_Demos/Environment_Free/Helpers/Terrain/TerrainData_ff4b5190-b520-4d46-b960-ee1d0967df26.asset
  artifactKey: Guid(3349f3f4495a62f40895e095545b535e) Importer(815301076,1909f56bfc062723c751e8b465ee728b)
Start importing Assets/Polytope Studio/Lowpoly_Demos/Environment_Free/Helpers/Terrain/TerrainData_ff4b5190-b520-4d46-b960-ee1d0967df26.asset using Guid(3349f3f4495a62f40895e095545b535e) Importer(815301076,1909f56bfc062723c751e8b465ee728b) (PreviewImporter) -> (artifact id: '643088040c31a4e8d5e1e4d138814524') in 0.2320994 seconds
Number of updated asset objects reloaded before import = 0Number of asset objects unloaded after import = 24

========================================================================
Received Import Request.
  Time since last request: 0.000112 seconds.
  path: Assets/Handpainted_Grass_and_Ground_Textures/Textures/Grass/Grass_swamp_dark/Grass_swamp_dark_left.png
  artifactKey: Guid(e96b0d391769ce94aa49e0896688b82c) Importer(815301076,1909f56bfc062723c751e8b465ee728b)
Start importing Assets/Handpainted_Grass_and_Ground_Textures/Textures/Grass/Grass_swamp_dark/Grass_swamp_dark_left.png using Guid(e96b0d391769ce94aa49e0896688b82c) Importer(815301076,1909f56bfc062723c751e8b465ee728b) (PreviewImporter) -> (artifact id: 'fe799f43043683b4ebd3354dfd6c7c2f') in 0.3212101 seconds
Number of updated asset objects reloaded before import = 0Number of asset objects unloaded after import = 2

========================================================================
Received Import Request.
  Time since last request: 0.000088 seconds.
  path: Assets/Handpainted_Grass_and_Ground_Textures/Textures/Snow/snow_super_dark.png
  artifactKey: Guid(6ae24699072028c47b5e79666801b5bf) Importer(815301076,1909f56bfc062723c751e8b465ee728b)
Start importing Assets/Handpainted_Grass_and_Ground_Textures/Textures/Snow/snow_super_dark.png using Guid(6ae24699072028c47b5e79666801b5bf) Importer(815301076,1909f56bfc062723c751e8b465ee728b) (PreviewImporter) -> (artifact id: 'e3a6e01d1767cd3ce9872b422b4386c8') in 0.1412048 seconds
Number of updated asset objects reloaded before import = 0Number of asset objects unloaded after import = 2

========================================================================
Received Import Request.
  Time since last request: 0.000084 seconds.
  path: Assets/Handpainted_Grass_and_Ground_Textures/Textures/Dirt/dirt_overdesatured/dirt_overdesatured_up.png
  artifactKey: Guid(0ce40b506ba1e10418a120c2ec1c4012) Importer(815301076,1909f56bfc062723c751e8b465ee728b)
Start importing Assets/Handpainted_Grass_and_Ground_Textures/Textures/Dirt/dirt_overdesatured/dirt_overdesatured_up.png using Guid(0ce40b506ba1e10418a120c2ec1c4012) Importer(815301076,1909f56bfc062723c751e8b465ee728b) (PreviewImporter) -> (artifact id: 'ca7121ebafc3fb405d34e508637155d0') in 0.1820817 seconds
Number of updated asset objects reloaded before import = 0Number of asset objects unloaded after import = 2

========================================================================
Received Import Request.
  Time since last request: 0.000077 seconds.
  path: Assets/Handpainted_Grass_and_Ground_Textures/Textures/Grass/Grass_swamp_normal/Grass_swamp_normal_right.png
  artifactKey: Guid(b3fa58fc580ef1b4f8cd17e8a49af808) Importer(815301076,1909f56bfc062723c751e8b465ee728b)
Start importing Assets/Handpainted_Grass_and_Ground_Textures/Textures/Grass/Grass_swamp_normal/Grass_swamp_normal_right.png using Guid(b3fa58fc580ef1b4f8cd17e8a49af808) Importer(815301076,1909f56bfc062723c751e8b465ee728b) (PreviewImporter) -> (artifact id: '2436922b582e675ea0e7dc0046118b1d') in 0.2280685 seconds
Number of updated asset objects reloaded before import = 0Number of asset objects unloaded after import = 2

========================================================================
Received Import Request.
  Time since last request: 0.000097 seconds.
  path: Assets/Handpainted_Grass_and_Ground_Textures/Textures/Grass/Grass_bluetint/Grass_bluetint_right.png
  artifactKey: Guid(d211bc1342827ac44b6b1bd93cf8f969) Importer(815301076,1909f56bfc062723c751e8b465ee728b)
Start importing Assets/Handpainted_Grass_and_Ground_Textures/Textures/Grass/Grass_bluetint/Grass_bluetint_right.png using Guid(d211bc1342827ac44b6b1bd93cf8f969) Importer(815301076,1909f56bfc062723c751e8b465ee728b) (PreviewImporter) -> (artifact id: '1eb2350000b021c5474d8d6ac7c0a2b7') in 0.1470705 seconds
Number of updated asset objects reloaded before import = 0Number of asset objects unloaded after import = 2

========================================================================
Received Import Request.
  Time since last request: 0.000066 seconds.
  path: Assets/Polytope Studio/Lowpoly_Environments/Sources/Textures/PT_Runes_02.png
  artifactKey: Guid(d329461fd2714384088c78ea5f4c2765) Importer(815301076,1909f56bfc062723c751e8b465ee728b)
Start importing Assets/Polytope Studio/Lowpoly_Environments/Sources/Textures/PT_Runes_02.png using Guid(d329461fd2714384088c78ea5f4c2765) Importer(815301076,1909f56bfc062723c751e8b465ee728b) (PreviewImporter) -> (artifact id: '5fc56f8d852d66fc7c6ed19da5026ac0') in 0.1813149 seconds
Number of updated asset objects reloaded before import = 0Number of asset objects unloaded after import = 2

========================================================================
Received Import Request.
  Time since last request: 0.000107 seconds.
  path: Assets/Polytope Studio/Lowpoly_Environments/Sources/Textures/PT_Ground_Generic_03.png
  artifactKey: Guid(e0b09c625cee17a48b22b2cf949cd320) Importer(815301076,1909f56bfc062723c751e8b465ee728b)
Start importing Assets/Polytope Studio/Lowpoly_Environments/Sources/Textures/PT_Ground_Generic_03.png using Guid(e0b09c625cee17a48b22b2cf949cd320) Importer(815301076,1909f56bfc062723c751e8b465ee728b) (PreviewImporter) -> (artifact id: '6ac7737bc1e02144ff196cb2cefd09d7') in 0.1509131 seconds
Number of updated asset objects reloaded before import = 0Number of asset objects unloaded after import = 2

========================================================================
Received Import Request.
  Time since last request: 0.000077 seconds.
  path: Assets/Handpainted_Grass_and_Ground_Textures/Textures/Grass/Grass_bluetint/Grass_bluetint_left.png
  artifactKey: Guid(4b13c3aa7713124418fd1f17e83a5be7) Importer(815301076,1909f56bfc062723c751e8b465ee728b)
Start importing Assets/Handpainted_Grass_and_Ground_Textures/Textures/Grass/Grass_bluetint/Grass_bluetint_left.png using Guid(4b13c3aa7713124418fd1f17e83a5be7) Importer(815301076,1909f56bfc062723c751e8b465ee728b) (PreviewImporter) -> (artifact id: 'b3c7e6757e7176fc2f574c4611a9f6a1') in 0.318965 seconds
Number of updated asset objects reloaded before import = 0Number of asset objects unloaded after import = 2

========================================================================
Received Import Request.
  Time since last request: 0.000096 seconds.
  path: Assets/Polytope Studio/Lowpoly_Environments/Sources/Textures/PT_Grass_High_02.png
  artifactKey: Guid(4781e48c31bdfb74da8ba377aea81283) Importer(815301076,1909f56bfc062723c751e8b465ee728b)
Start importing Assets/Polytope Studio/Lowpoly_Environments/Sources/Textures/PT_Grass_High_02.png using Guid(4781e48c31bdfb74da8ba377aea81283) Importer(815301076,1909f56bfc062723c751e8b465ee728b) (PreviewImporter) -> (artifact id: '749f2b2dfca67193debcec692a0bcc36') in 0.1844428 seconds
Number of updated asset objects reloaded before import = 0Number of asset objects unloaded after import = 2

========================================================================
Received Import Request.
  Time since last request: 0.000089 seconds.
  path: Assets/Handpainted_Grass_and_Ground_Textures/Textures/Grass/Grass_normal/Grass_normal_left.png
  artifactKey: Guid(7bd486cf36b61954d9012c6704ab80a4) Importer(815301076,1909f56bfc062723c751e8b465ee728b)
Start importing Assets/Handpainted_Grass_and_Ground_Textures/Textures/Grass/Grass_normal/Grass_normal_left.png using Guid(7bd486cf36b61954d9012c6704ab80a4) Importer(815301076,1909f56bfc062723c751e8b465ee728b) (PreviewImporter) -> (artifact id: '422e258d741779676ce8acdfeabfc5fb') in 0.4786163 seconds
Number of updated asset objects reloaded before import = 0Number of asset objects unloaded after import = 2

========================================================================
Received Import Request.
  Time since last request: 0.000102 seconds.
  path: Assets/Handpainted_Grass_and_Ground_Textures/Textures/Grass/Grass_lighted/Grass_lighted_down.png
  artifactKey: Guid(6e3abed3edda0ae4b876a53ee95f7d37) Importer(815301076,1909f56bfc062723c751e8b465ee728b)
Start importing Assets/Handpainted_Grass_and_Ground_Textures/Textures/Grass/Grass_lighted/Grass_lighted_down.png using Guid(6e3abed3edda0ae4b876a53ee95f7d37) Importer(815301076,1909f56bfc062723c751e8b465ee728b) (PreviewImporter) -> (artifact id: 'fd83b182f45318108e8ace304ecc5d03') in 0.1293145 seconds
Number of updated asset objects reloaded before import = 0Number of asset objects unloaded after import = 2

========================================================================
Received Import Request.
  Time since last request: 0.000065 seconds.
  path: Assets/Handpainted_Grass_and_Ground_Textures/Textures/Grass/Grass_overcorrupted/Grass_overcorrupted_right.png
  artifactKey: Guid(7c336b3b2ecc2e648ae85a73fb3a537f) Importer(815301076,1909f56bfc062723c751e8b465ee728b)
Start importing Assets/Handpainted_Grass_and_Ground_Textures/Textures/Grass/Grass_overcorrupted/Grass_overcorrupted_right.png using Guid(7c336b3b2ecc2e648ae85a73fb3a537f) Importer(815301076,1909f56bfc062723c751e8b465ee728b) (PreviewImporter) -> (artifact id: '41b7419fdf4baf71af79a05f40be5000') in 0.135354 seconds
Number of updated asset objects reloaded before import = 0Number of asset objects unloaded after import = 2

========================================================================
Received Import Request.
  Time since last request: 0.000118 seconds.
  path: Assets/Polytope Studio/Lowpoly_Environments/Sources/Textures/PT_Rocks_01.png
  artifactKey: Guid(a195a893970f3ab4990bd06e18a0b308) Importer(815301076,1909f56bfc062723c751e8b465ee728b)
Start importing Assets/Polytope Studio/Lowpoly_Environments/Sources/Textures/PT_Rocks_01.png using Guid(a195a893970f3ab4990bd06e18a0b308) Importer(815301076,1909f56bfc062723c751e8b465ee728b) (PreviewImporter) -> (artifact id: '844dc5d3463309ac291fe425fbe07bd5') in 0.1610601 seconds
Number of updated asset objects reloaded before import = 0Number of asset objects unloaded after import = 2

========================================================================
Received Import Request.
  Time since last request: 0.000107 seconds.
  path: Assets/Handpainted_Grass_and_Ground_Textures/Textures/Snow/snow_step_008.png
  artifactKey: Guid(c74775dcd81327747a3906d145705271) Importer(815301076,1909f56bfc062723c751e8b465ee728b)
Start importing Assets/Handpainted_Grass_and_Ground_Textures/Textures/Snow/snow_step_008.png using Guid(c74775dcd81327747a3906d145705271) Importer(815301076,1909f56bfc062723c751e8b465ee728b) (PreviewImporter) -> (artifact id: '1234c59cbdf89a5765d5306dc1427432') in 0.1354062 seconds
Number of updated asset objects reloaded before import = 0Number of asset objects unloaded after import = 2

========================================================================
Received Import Request.
  Time since last request: 0.000097 seconds.
  path: Assets/Polytope Studio/Lowpoly_Demos/Environment_Free/Helpers/Terrain/TerrainData_984456c3-d32f-475f-a118-27bb19f92a65.asset
  artifactKey: Guid(abd9fc8a29ea3f549bf82c3d3b8c843f) Importer(815301076,1909f56bfc062723c751e8b465ee728b)
Start importing Assets/Polytope Studio/Lowpoly_Demos/Environment_Free/Helpers/Terrain/TerrainData_984456c3-d32f-475f-a118-27bb19f92a65.asset using Guid(abd9fc8a29ea3f549bf82c3d3b8c843f) Importer(815301076,1909f56bfc062723c751e8b465ee728b) (PreviewImporter) -> (artifact id: '6a27d771f511b5fcecdf559855c357d4') in 0.4596309 seconds
Number of updated asset objects reloaded before import = 0Number of asset objects unloaded after import = 24

========================================================================
Received Import Request.
  Time since last request: 0.000067 seconds.
  path: Assets/Polytope Studio/Lowpoly_Demos/Environment_Free/Helpers/Terrain/TerrainData_c82c1fc5-a7ad-4f88-a7ff-c071a4dae8e5.asset
  artifactKey: Guid(d9f3564d21751d046890366f3fc55400) Importer(815301076,1909f56bfc062723c751e8b465ee728b)
Start importing Assets/Polytope Studio/Lowpoly_Demos/Environment_Free/Helpers/Terrain/TerrainData_c82c1fc5-a7ad-4f88-a7ff-c071a4dae8e5.asset using Guid(d9f3564d21751d046890366f3fc55400) Importer(815301076,1909f56bfc062723c751e8b465ee728b) (PreviewImporter) -> (artifact id: '604f4eeb757808fd186812a765e56436') in 0.2036297 seconds
Number of updated asset objects reloaded before import = 0Number of asset objects unloaded after import = 24

========================================================================
Received Import Request.
  Time since last request: 0.000088 seconds.
  path: Assets/Polytope Studio/Lowpoly_Environments/Sources/Textures/PT_Mushrooms_01.png
  artifactKey: Guid(9a9ed1d4f54a1ce4a9331c6a1a926976) Importer(815301076,1909f56bfc062723c751e8b465ee728b)
Start importing Assets/Polytope Studio/Lowpoly_Environments/Sources/Textures/PT_Mushrooms_01.png using Guid(9a9ed1d4f54a1ce4a9331c6a1a926976) Importer(815301076,1909f56bfc062723c751e8b465ee728b) (PreviewImporter) -> (artifact id: 'c461aca0bcc02896e78e44e94d1571cd') in 0.1009574 seconds
Number of updated asset objects reloaded before import = 0Number of asset objects unloaded after import = 2

========================================================================
Received Import Request.
  Time since last request: 0.000065 seconds.
  path: Assets/Handpainted_Grass_and_Ground_Textures/Textures/Grass/Grass_darked/Grass_darked_right.png
  artifactKey: Guid(ec7bab56bfdc3d147b9e1fda8c12082d) Importer(815301076,1909f56bfc062723c751e8b465ee728b)
Start importing Assets/Handpainted_Grass_and_Ground_Textures/Textures/Grass/Grass_darked/Grass_darked_right.png using Guid(ec7bab56bfdc3d147b9e1fda8c12082d) Importer(815301076,1909f56bfc062723c751e8b465ee728b) (PreviewImporter) -> (artifact id: '929473f221eb2a2d1c7164b5072a047c') in 0.1258578 seconds
Number of updated asset objects reloaded before import = 0Number of asset objects unloaded after import = 2

========================================================================
Received Import Request.
  Time since last request: 0.000102 seconds.
  path: Assets/Handpainted_Grass_and_Ground_Textures/Textures/Grass/Grass_desatured/Grass_desatured_right.png
  artifactKey: Guid(8cd3f7acfe19d4a4cb849c2b2ab2172a) Importer(815301076,1909f56bfc062723c751e8b465ee728b)
Start importing Assets/Handpainted_Grass_and_Ground_Textures/Textures/Grass/Grass_desatured/Grass_desatured_right.png using Guid(8cd3f7acfe19d4a4cb849c2b2ab2172a) Importer(815301076,1909f56bfc062723c751e8b465ee728b) (PreviewImporter) -> (artifact id: '0c0ee9143bc118f17919ba77d9896585') in 0.1595794 seconds
Number of updated asset objects reloaded before import = 0Number of asset objects unloaded after import = 2

========================================================================
Received Import Request.
  Time since last request: 0.000101 seconds.
  path: Assets/Handpainted_Grass_and_Ground_Textures/Textures/Dirt/dirt_desatured_rocks/dirt_desatured_rocks_right.png
  artifactKey: Guid(95bb46061a77ef14aa49fb4aba394a6d) Importer(815301076,1909f56bfc062723c751e8b465ee728b)
Start importing Assets/Handpainted_Grass_and_Ground_Textures/Textures/Dirt/dirt_desatured_rocks/dirt_desatured_rocks_right.png using Guid(95bb46061a77ef14aa49fb4aba394a6d) Importer(815301076,1909f56bfc062723c751e8b465ee728b) (PreviewImporter) -> (artifact id: 'cb7317aef7aff8b79e923c1d98bf6d97') in 0.1733519 seconds
Number of updated asset objects reloaded before import = 0Number of asset objects unloaded after import = 2

========================================================================
Received Import Request.
  Time since last request: 0.000097 seconds.
  path: Assets/Handpainted_Grass_and_Ground_Textures/Textures/Snow/snow_step_001.png
  artifactKey: Guid(732ab7d0122d1404b82ab0939ac4e4ef) Importer(815301076,1909f56bfc062723c751e8b465ee728b)
Start importing Assets/Handpainted_Grass_and_Ground_Textures/Textures/Snow/snow_step_001.png using Guid(732ab7d0122d1404b82ab0939ac4e4ef) Importer(815301076,1909f56bfc062723c751e8b465ee728b) (PreviewImporter) -> (artifact id: 'd3d1b8d9987bf7aadda4cb40ac5018bd') in 0.195806 seconds
Number of updated asset objects reloaded before import = 0Number of asset objects unloaded after import = 2

========================================================================
Received Import Request.
  Time since last request: 0.000076 seconds.
  path: Assets/Handpainted_Grass_and_Ground_Textures/Textures/Dirt/dirt_claydarked/dirt_claydarked_up.png
  artifactKey: Guid(62ca00121c2f0c646a26db82e26732c0) Importer(815301076,1909f56bfc062723c751e8b465ee728b)
Start importing Assets/Handpainted_Grass_and_Ground_Textures/Textures/Dirt/dirt_claydarked/dirt_claydarked_up.png using Guid(62ca00121c2f0c646a26db82e26732c0) Importer(815301076,1909f56bfc062723c751e8b465ee728b) (PreviewImporter) -> (artifact id: 'cb974a3d28f44f5b65d01befc0074ab9') in 0.1559691 seconds
Number of updated asset objects reloaded before import = 0Number of asset objects unloaded after import = 2

========================================================================
Received Import Request.
  Time since last request: 0.000964 seconds.
  path: Assets/Handpainted_Grass_and_Ground_Textures/Textures/Grass/Grass_swamp_lighted/Grass_swamp_lighted_down.png
  artifactKey: Guid(c6d3dfb14834d2642842e5bc8bdf6c8a) Importer(815301076,1909f56bfc062723c751e8b465ee728b)
Start importing Assets/Handpainted_Grass_and_Ground_Textures/Textures/Grass/Grass_swamp_lighted/Grass_swamp_lighted_down.png using Guid(c6d3dfb14834d2642842e5bc8bdf6c8a) Importer(815301076,1909f56bfc062723c751e8b465ee728b) (PreviewImporter) -> (artifact id: '130aa0b3099c81ddce46331552dd32a5') in 0.1492814 seconds
Number of updated asset objects reloaded before import = 0Number of asset objects unloaded after import = 2

========================================================================
Received Import Request.
  Time since last request: 0.000148 seconds.
  path: Assets/Polytope Studio/Lowpoly_Demos/Environment_Free/Helpers/Terrain/TerrainData_445999c2-5240-4b5c-9394-4cacb62d7eec.asset
  artifactKey: Guid(1587ce82db2499e4185b7701bf0d532b) Importer(815301076,1909f56bfc062723c751e8b465ee728b)
Start importing Assets/Polytope Studio/Lowpoly_Demos/Environment_Free/Helpers/Terrain/TerrainData_445999c2-5240-4b5c-9394-4cacb62d7eec.asset using Guid(1587ce82db2499e4185b7701bf0d532b) Importer(815301076,1909f56bfc062723c751e8b465ee728b) (PreviewImporter) -> (artifact id: '7b0b02f1a094e4e95c2d832cd6155e4a') in 0.3138502 seconds
Number of updated asset objects reloaded before import = 0Number of asset objects unloaded after import = 24

========================================================================
Received Import Request.
  Time since last request: 0.000142 seconds.
  path: Assets/Handpainted_Grass_and_Ground_Textures/Textures/Dirt/dirt_desatured_rocks/dirt_desatured_rocks_down.png
  artifactKey: Guid(6dc316139475bb04e887760522945098) Importer(815301076,1909f56bfc062723c751e8b465ee728b)
Start importing Assets/Handpainted_Grass_and_Ground_Textures/Textures/Dirt/dirt_desatured_rocks/dirt_desatured_rocks_down.png using Guid(6dc316139475bb04e887760522945098) Importer(815301076,1909f56bfc062723c751e8b465ee728b) (PreviewImporter) -> (artifact id: 'ecbca4dd3525eb9a9508fcf9812e4a5a') in 0.6652781 seconds
Number of updated asset objects reloaded before import = 0Number of asset objects unloaded after import = 2

========================================================================
Received Import Request.
  Time since last request: 0.000078 seconds.
  path: Assets/Handpainted_Grass_and_Ground_Textures/Textures/Dirt/dirt_lighted/dirt_lighted_left.png
  artifactKey: Guid(dca83dcb27c238d4b807b4746e7f6ffe) Importer(815301076,1909f56bfc062723c751e8b465ee728b)
Start importing Assets/Handpainted_Grass_and_Ground_Textures/Textures/Dirt/dirt_lighted/dirt_lighted_left.png using Guid(dca83dcb27c238d4b807b4746e7f6ffe) Importer(815301076,1909f56bfc062723c751e8b465ee728b) (PreviewImporter) -> (artifact id: '94984bea172afdb715d4fa18114f0cc6') in 0.1695472 seconds
Number of updated asset objects reloaded before import = 0Number of asset objects unloaded after import = 2

========================================================================
Received Import Request.
  Time since last request: 0.000100 seconds.
  path: Assets/Polytope Studio/Lowpoly_Environments/Sources/Textures/PT_Grass_01.png
  artifactKey: Guid(1b92b31acbcdce24ba9dc6d01dbc2e84) Importer(815301076,1909f56bfc062723c751e8b465ee728b)
Start importing Assets/Polytope Studio/Lowpoly_Environments/Sources/Textures/PT_Grass_01.png using Guid(1b92b31acbcdce24ba9dc6d01dbc2e84) Importer(815301076,1909f56bfc062723c751e8b465ee728b) (PreviewImporter) -> (artifact id: '5b8622595d83c2a08934887c1327eb3a') in 0.4000446 seconds
Number of updated asset objects reloaded before import = 0Number of asset objects unloaded after import = 2

========================================================================
Received Import Request.
  Time since last request: 497.085391 seconds.
  path: Assets/Polytope Studio/Lowpoly_Demos/Environment_Free/Helpers/Fence.prefab
  artifactKey: Guid(516f5b8c780f050499e83e3e45588ae9) Importer(815301076,1909f56bfc062723c751e8b465ee728b)
Start importing Assets/Polytope Studio/Lowpoly_Demos/Environment_Free/Helpers/Fence.prefab using Guid(516f5b8c780f050499e83e3e45588ae9) Importer(815301076,1909f56bfc062723c751e8b465ee728b) (PreviewImporter) -> (artifact id: 'e60215daee8d857b7662d9f74feddf8e') in 25.952776 seconds
Number of updated asset objects reloaded before import = 0Number of asset objects unloaded after import = 223

========================================================================
Received Import Request.
  Time since last request: 0.000180 seconds.
  path: Assets/Polytope Studio/Lowpoly_Environments/Sources/Meshes/Trees/PT_Fruit_Tree_01_green.fbx
  artifactKey: Guid(f222748f1796b2e49a56a2fbf7563247) Importer(815301076,1909f56bfc062723c751e8b465ee728b)
Start importing Assets/Polytope Studio/Lowpoly_Environments/Sources/Meshes/Trees/PT_Fruit_Tree_01_green.fbx using Guid(f222748f1796b2e49a56a2fbf7563247) Importer(815301076,1909f56bfc062723c751e8b465ee728b) (PreviewImporter) -> (artifact id: 'fc38af7f63d4b8d515f88996a4d6b678') in 47.9017357 seconds
Number of updated asset objects reloaded before import = 0Number of asset objects unloaded after import = 24

========================================================================
Received Import Request.
  Time since last request: 0.000547 seconds.
  path: Assets/Polytope Studio/Lowpoly_Environments/Sources/Meshes/Trees/PT_Pine_Tree_03_logs.fbx
  artifactKey: Guid(e9a01d2a3de15954eb2cccf4df7f3d5b) Importer(815301076,1909f56bfc062723c751e8b465ee728b)
Start importing Assets/Polytope Studio/Lowpoly_Environments/Sources/Meshes/Trees/PT_Pine_Tree_03_logs.fbx using Guid(e9a01d2a3de15954eb2cccf4df7f3d5b) Importer(815301076,1909f56bfc062723c751e8b465ee728b) (PreviewImporter) -> (artifact id: '5cb6b34aba47e3bdfbcde42ba29b7c55') in 0.1155277 seconds
Number of updated asset objects reloaded before import = 0Number of asset objects unloaded after import = 9

========================================================================
Received Import Request.
  Time since last request: 0.000115 seconds.
  path: Assets/Polytope Studio/Lowpoly_Environments/Prefabs/Trees/PT_Fruit_Tree_01_dead.prefab
  artifactKey: Guid(c6a512d95615f534cbe31aba1aaa354c) Importer(815301076,1909f56bfc062723c751e8b465ee728b)
Start importing Assets/Polytope Studio/Lowpoly_Environments/Prefabs/Trees/PT_Fruit_Tree_01_dead.prefab using Guid(c6a512d95615f534cbe31aba1aaa354c) Importer(815301076,1909f56bfc062723c751e8b465ee728b) (PreviewImporter) -> (artifact id: 'f5aeb14f9bde74b77709d210a4c0a039') in 0.1380708 seconds
Number of updated asset objects reloaded before import = 0Number of asset objects unloaded after import = 22

========================================================================
Received Import Request.
  Time since last request: 0.000108 seconds.
  path: Assets/Polytope Studio/Lowpoly_Environments/Sources/Meshes/Trees/PT_Fruit_Tree_01_plums.fbx
  artifactKey: Guid(0ef9f3b550a8ffd40ab0be1ae6034fe1) Importer(815301076,1909f56bfc062723c751e8b465ee728b)
Start importing Assets/Polytope Studio/Lowpoly_Environments/Sources/Meshes/Trees/PT_Fruit_Tree_01_plums.fbx using Guid(0ef9f3b550a8ffd40ab0be1ae6034fe1) Importer(815301076,1909f56bfc062723c751e8b465ee728b) (PreviewImporter) -> (artifact id: '6401e9bcb5346c4563d5713b7c34b149') in 0.3065584 seconds
Number of updated asset objects reloaded before import = 0Number of asset objects unloaded after import = 24

========================================================================
Received Import Request.
  Time since last request: 0.000142 seconds.
  path: Assets/Polytope Studio/Lowpoly_Village/Prefabs/Modular/Fence/PT_Modular_Fence_Wood_02.prefab
  artifactKey: Guid(ae358aa425fe140409d8a560f4492730) Importer(815301076,1909f56bfc062723c751e8b465ee728b)
Start importing Assets/Polytope Studio/Lowpoly_Village/Prefabs/Modular/Fence/PT_Modular_Fence_Wood_02.prefab using Guid(ae358aa425fe140409d8a560f4492730) Importer(815301076,1909f56bfc062723c751e8b465ee728b) (PreviewImporter) -> (artifact id: 'bc1905a33e36f7e495a69223878ed53b') in 0.0764537 seconds
Number of updated asset objects reloaded before import = 0Number of asset objects unloaded after import = 11

========================================================================
Received Import Request.
  Time since last request: 0.000126 seconds.
  path: Assets/Polytope Studio/Lowpoly_Environments/Sources/Meshes/Trees/PT_Fruit_Tree_01_green_cut.fbx
  artifactKey: Guid(1500a5535a073af4797d5ba960824cb3) Importer(815301076,1909f56bfc062723c751e8b465ee728b)
Start importing Assets/Polytope Studio/Lowpoly_Environments/Sources/Meshes/Trees/PT_Fruit_Tree_01_green_cut.fbx using Guid(1500a5535a073af4797d5ba960824cb3) Importer(815301076,1909f56bfc062723c751e8b465ee728b) (PreviewImporter) -> (artifact id: '6e69c519c261d7c2d196180af04ada2f') in 0.1601089 seconds
Number of updated asset objects reloaded before import = 0Number of asset objects unloaded after import = 11

========================================================================
Received Import Request.
  Time since last request: 0.000096 seconds.
  path: Assets/Polytope Studio/Lowpoly_Environments/Prefabs/Trees/PT_Fruit_Tree_01_stump.prefab
  artifactKey: Guid(fb070a2d31206d9499ecc8a77be0ebf0) Importer(815301076,1909f56bfc062723c751e8b465ee728b)
Start importing Assets/Polytope Studio/Lowpoly_Environments/Prefabs/Trees/PT_Fruit_Tree_01_stump.prefab using Guid(fb070a2d31206d9499ecc8a77be0ebf0) Importer(815301076,1909f56bfc062723c751e8b465ee728b) (PreviewImporter) -> (artifact id: '34e0e54712b0f366cc8e237bc8faa057') in 0.1104275 seconds
Number of updated asset objects reloaded before import = 0Number of asset objects unloaded after import = 9

========================================================================
Received Import Request.
  Time since last request: 0.000124 seconds.
  path: Assets/Polytope Studio/Lowpoly_Environments/Sources/Meshes/Trees/PT_Fruit_Tree_01_pears.fbx
  artifactKey: Guid(ab5654911e4a8494190af9551d81ea81) Importer(815301076,1909f56bfc062723c751e8b465ee728b)
Start importing Assets/Polytope Studio/Lowpoly_Environments/Sources/Meshes/Trees/PT_Fruit_Tree_01_pears.fbx using Guid(ab5654911e4a8494190af9551d81ea81) Importer(815301076,1909f56bfc062723c751e8b465ee728b) (PreviewImporter) -> (artifact id: '303e89e8a56962ca48266a55395aa8d4') in 0.3166897 seconds
Number of updated asset objects reloaded before import = 0Number of asset objects unloaded after import = 24

========================================================================
Received Import Request.
  Time since last request: 0.000170 seconds.
  path: Assets/Polytope Studio/Lowpoly_Environments/Prefabs/Flowers/PT_Poppy_02.prefab
  artifactKey: Guid(f593bc20677ebf14abd27a4853408c68) Importer(815301076,1909f56bfc062723c751e8b465ee728b)
Start importing Assets/Polytope Studio/Lowpoly_Environments/Prefabs/Flowers/PT_Poppy_02.prefab using Guid(f593bc20677ebf14abd27a4853408c68) Importer(815301076,1909f56bfc062723c751e8b465ee728b) (PreviewImporter) -> (artifact id: '51a9ea4558ad19832c2baf5947b3de2b') in 25.1119071 seconds
Number of updated asset objects reloaded before import = 0Number of asset objects unloaded after import = 22

========================================================================
Received Import Request.
  Time since last request: 3391.314126 seconds.
  path: Assets/Village.blend
  artifactKey: Guid(174edbc9c9a1e3748acf4d297a404955) Importer(815301076,1909f56bfc062723c751e8b465ee728b)
Start importing Assets/Village.blend using Guid(174edbc9c9a1e3748acf4d297a404955) Importer(815301076,1909f56bfc062723c751e8b465ee728b) (PreviewImporter) -> (artifact id: 'e60484be6a79090f726327b067d2d5be') in 12.3962509 seconds
Number of updated asset objects reloaded before import = 0Number of asset objects unloaded after import = 11086

========================================================================
Received Import Request.
  Time since last request: 626.838378 seconds.
  path: Assets/village house 1.fbx
  artifactKey: Guid(236253e8c0d599249900974d5bf87f8e) Importer(815301076,1909f56bfc062723c751e8b465ee728b)
Start importing Assets/village house 1.fbx using Guid(236253e8c0d599249900974d5bf87f8e) Importer(815301076,1909f56bfc062723c751e8b465ee728b) (PreviewImporter) -> (artifact id: 'de65f2449b72c016b7fe0fece74d2d52') in 0.7678578 seconds
Number of updated asset objects reloaded before import = 0Number of asset objects unloaded after import = 11

========================================================================
Received Import Request.
  Time since last request: 6749.347744 seconds.
  path: Assets/village house 1.fbx
  artifactKey: Guid(236253e8c0d599249900974d5bf87f8e) Importer(815301076,1909f56bfc062723c751e8b465ee728b)
Start importing Assets/village house 1.fbx using Guid(236253e8c0d599249900974d5bf87f8e) Importer(815301076,1909f56bfc062723c751e8b465ee728b) (PreviewImporter) -> (artifact id: '3f250ecd408aa76748e11f2be469b9ca') in 0.9122398 seconds
Number of updated asset objects reloaded before import = 0Number of asset objects unloaded after import = 12

========================================================================
Received Import Request.
  Time since last request: 343.299723 seconds.
  path: Assets/Cathy Block 1.png
  artifactKey: Guid(043994d23a270084da8db4214718f86f) Importer(815301076,1909f56bfc062723c751e8b465ee728b)
Start importing Assets/Cathy Block 1.png using Guid(043994d23a270084da8db4214718f86f) Importer(815301076,1909f56bfc062723c751e8b465ee728b) (PreviewImporter) -> (artifact id: '73f61ab71231868c6daa725342a42b12') in 0.2544458 seconds
Number of updated asset objects reloaded before import = 0Number of asset objects unloaded after import = 2

========================================================================
Received Import Request.
  Time since last request: 5067.276920 seconds.
  path: Assets/House 2.fbx
  artifactKey: Guid(1619bcac581ca284c888fcfbb3bbe205) Importer(815301076,1909f56bfc062723c751e8b465ee728b)
Start importing Assets/House 2.fbx using Guid(1619bcac581ca284c888fcfbb3bbe205) Importer(815301076,1909f56bfc062723c751e8b465ee728b) (PreviewImporter) -> (artifact id: '7b24584e719868b4db86e1989a633524') in 3.3142142 seconds
Number of updated asset objects reloaded before import = 0Number of asset objects unloaded after import = 51

========================================================================
Received Import Request.
  Time since last request: 93.951351 seconds.
  path: Assets/House 2.fbx
  artifactKey: Guid(1619bcac581ca284c888fcfbb3bbe205) Importer(815301076,1909f56bfc062723c751e8b465ee728b)
Start importing Assets/House 2.fbx using Guid(1619bcac581ca284c888fcfbb3bbe205) Importer(815301076,1909f56bfc062723c751e8b465ee728b) (PreviewImporter) -> (artifact id: '7283a34b9f60249e9d1dc6ecf990dd1a') in 1.1737934 seconds
Number of updated asset objects reloaded before import = 0Number of asset objects unloaded after import = 51

========================================================================
Received Import Request.
  Time since last request: 117.378956 seconds.
  path: Assets/House 2.fbx
  artifactKey: Guid(1619bcac581ca284c888fcfbb3bbe205) Importer(815301076,1909f56bfc062723c751e8b465ee728b)
Start importing Assets/House 2.fbx using Guid(1619bcac581ca284c888fcfbb3bbe205) Importer(815301076,1909f56bfc062723c751e8b465ee728b) (PreviewImporter) -> (artifact id: '6def91b04f15b9a03824273af7d41f0b') in 1.557819 seconds
Number of updated asset objects reloaded before import = 0Number of asset objects unloaded after import = 51

========================================================================
Received Import Request.
  Time since last request: 90.688148 seconds.
  path: Assets/Handpainted_Grass_and_Ground_Textures/Demo/Materials/Material_snow_super_dark_step_004.mat
  artifactKey: Guid(5e9ad28433587f74ca570aadedc565b5) Importer(815301076,1909f56bfc062723c751e8b465ee728b)
Start importing Assets/Handpainted_Grass_and_Ground_Textures/Demo/Materials/Material_snow_super_dark_step_004.mat using Guid(5e9ad28433587f74ca570aadedc565b5) Importer(815301076,1909f56bfc062723c751e8b465ee728b) (PreviewImporter) -> (artifact id: '2103e5a3350174cbf7c0e9b326c1d26f') in 1.2569298 seconds
Number of updated asset objects reloaded before import = 0Number of asset objects unloaded after import = 2

========================================================================
Received Import Request.
  Time since last request: 0.000115 seconds.
  path: Assets/Polytope Studio/Lowpoly_Environments/Sources/Materials/PT_Terrain_mat.mat
  artifactKey: Guid(48c26796e9175d14a9b2eccded92bb92) Importer(815301076,1909f56bfc062723c751e8b465ee728b)
Start importing Assets/Polytope Studio/Lowpoly_Environments/Sources/Materials/PT_Terrain_mat.mat using Guid(48c26796e9175d14a9b2eccded92bb92) Importer(815301076,1909f56bfc062723c751e8b465ee728b) (PreviewImporter) -> (artifact id: 'b5b444ea1506256a7e85693509bfbb88') in 0.9627934 seconds
Number of updated asset objects reloaded before import = 0Number of asset objects unloaded after import = 1

========================================================================
Received Import Request.
  Time since last request: 0.000117 seconds.
  path: Assets/Polytope Studio/Lowpoly_Environments/Sources/Materials/PT_Pine_Tree_Trunk_Mat.mat
  artifactKey: Guid(f43a7dc4f39c5654a8211b83259e32a9) Importer(815301076,1909f56bfc062723c751e8b465ee728b)
Start importing Assets/Polytope Studio/Lowpoly_Environments/Sources/Materials/PT_Pine_Tree_Trunk_Mat.mat using Guid(f43a7dc4f39c5654a8211b83259e32a9) Importer(815301076,1909f56bfc062723c751e8b465ee728b) (PreviewImporter) -> (artifact id: '3cc656678a63d7afd670a0927b5dda4e') in 0.3413018 seconds
Number of updated asset objects reloaded before import = 0Number of asset objects unloaded after import = 2

========================================================================
Received Import Request.
  Time since last request: 0.000143 seconds.
  path: Assets/Polytope Studio/Lowpoly_Demos/Environment_Free/Helpers/Plane mat.mat
  artifactKey: Guid(4c216a70af6ef22419431af877580ddb) Importer(815301076,1909f56bfc062723c751e8b465ee728b)
Start importing Assets/Polytope Studio/Lowpoly_Demos/Environment_Free/Helpers/Plane mat.mat using Guid(4c216a70af6ef22419431af877580ddb) Importer(815301076,1909f56bfc062723c751e8b465ee728b) (PreviewImporter) -> (artifact id: 'a93e8bba61e9da2f3d9c216931a352d9') in 0.1243676 seconds
Number of updated asset objects reloaded before import = 0Number of asset objects unloaded after import = 1

========================================================================
Received Import Request.
  Time since last request: 0.000097 seconds.
  path: Assets/Polytope Studio/Lowpoly_Environments/Sources/Materials/PT_Rocks_mat.mat
  artifactKey: Guid(93415edde47040648869ae6638d33ced) Importer(815301076,1909f56bfc062723c751e8b465ee728b)
Start importing Assets/Polytope Studio/Lowpoly_Environments/Sources/Materials/PT_Rocks_mat.mat using Guid(93415edde47040648869ae6638d33ced) Importer(815301076,1909f56bfc062723c751e8b465ee728b) (PreviewImporter) -> (artifact id: '29c8a4c33196f6329be56e49aa80cf3b') in 22.18803 seconds
Number of updated asset objects reloaded before import = 0Number of asset objects unloaded after import = 3

========================================================================
Received Import Request.
  Time since last request: 0.000202 seconds.
  path: Assets/Handpainted_Grass_and_Ground_Textures/Demo/Materials/Material_snow_dark_step_001.mat
  artifactKey: Guid(e15e334004cbb7c44b30bea8cff89942) Importer(815301076,1909f56bfc062723c751e8b465ee728b)
Start importing Assets/Handpainted_Grass_and_Ground_Textures/Demo/Materials/Material_snow_dark_step_001.mat using Guid(e15e334004cbb7c44b30bea8cff89942) Importer(815301076,1909f56bfc062723c751e8b465ee728b) (PreviewImporter) -> (artifact id: 'cfd05533842b35743ba8f60d1a1439f7') in 0.1828127 seconds
Number of updated asset objects reloaded before import = 0Number of asset objects unloaded after import = 2

========================================================================
Received Import Request.
  Time since last request: 0.000160 seconds.
  path: Assets/Handpainted_Grass_and_Ground_Textures/Demo/Materials/Material_snow_super_dark_step_003.mat
  artifactKey: Guid(e2c61f76e917ea543addd335549ea4c1) Importer(815301076,1909f56bfc062723c751e8b465ee728b)
Start importing Assets/Handpainted_Grass_and_Ground_Textures/Demo/Materials/Material_snow_super_dark_step_003.mat using Guid(e2c61f76e917ea543addd335549ea4c1) Importer(815301076,1909f56bfc062723c751e8b465ee728b) (PreviewImporter) -> (artifact id: 'b7661e5f86fd0a75159c34e88d8e7d5f') in 0.1484091 seconds
Number of updated asset objects reloaded before import = 0Number of asset objects unloaded after import = 2

========================================================================
Received Import Request.
  Time since last request: 0.000222 seconds.
  path: Assets/Handpainted_Grass_and_Ground_Textures/Demo/Materials/Material_snow_dark.mat
  artifactKey: Guid(ee24fa41f72091345bb3c77cf6a03a69) Importer(815301076,1909f56bfc062723c751e8b465ee728b)
Start importing Assets/Handpainted_Grass_and_Ground_Textures/Demo/Materials/Material_snow_dark.mat using Guid(ee24fa41f72091345bb3c77cf6a03a69) Importer(815301076,1909f56bfc062723c751e8b465ee728b) (PreviewImporter) -> (artifact id: 'e4fb369a140483683ac0ea3964397398') in 0.1949329 seconds
Number of updated asset objects reloaded before import = 0Number of asset objects unloaded after import = 2

========================================================================
Received Import Request.
  Time since last request: 0.000116 seconds.
  path: Assets/Handpainted_Grass_and_Ground_Textures/Demo/Materials/material_dirt_corrupted_light.mat
  artifactKey: Guid(0d421966b9024684ab5e3bfeb9a5bea4) Importer(815301076,1909f56bfc062723c751e8b465ee728b)
Start importing Assets/Handpainted_Grass_and_Ground_Textures/Demo/Materials/material_dirt_corrupted_light.mat using Guid(0d421966b9024684ab5e3bfeb9a5bea4) Importer(815301076,1909f56bfc062723c751e8b465ee728b) (PreviewImporter) -> (artifact id: '58e159d47700a24e5d48ac7e7f1d0f14') in 0.1691809 seconds
Number of updated asset objects reloaded before import = 0Number of asset objects unloaded after import = 2

========================================================================
Received Import Request.
  Time since last request: 0.000079 seconds.
  path: Assets/Handpainted_Grass_and_Ground_Textures/Demo/Materials/Material_snow_normal_step_008.mat
  artifactKey: Guid(4dd9076e56a7d6449987d0a289934447) Importer(815301076,1909f56bfc062723c751e8b465ee728b)
Start importing Assets/Handpainted_Grass_and_Ground_Textures/Demo/Materials/Material_snow_normal_step_008.mat using Guid(4dd9076e56a7d6449987d0a289934447) Importer(815301076,1909f56bfc062723c751e8b465ee728b) (PreviewImporter) -> (artifact id: '144c2ce70c1a0f39386a0cf297368a60') in 0.1508796 seconds
Number of updated asset objects reloaded before import = 0Number of asset objects unloaded after import = 2

========================================================================
Received Import Request.
  Time since last request: 0.000148 seconds.
  path: Assets/Handpainted_Grass_and_Ground_Textures/Demo/Materials/Material_snow_dark_step_003.mat
  artifactKey: Guid(aa4778537297c184abeca13aed2ef30d) Importer(815301076,1909f56bfc062723c751e8b465ee728b)
Start importing Assets/Handpainted_Grass_and_Ground_Textures/Demo/Materials/Material_snow_dark_step_003.mat using Guid(aa4778537297c184abeca13aed2ef30d) Importer(815301076,1909f56bfc062723c751e8b465ee728b) (PreviewImporter) -> (artifact id: 'cc1a3b79eb461e9e847394c32a0b0963') in 0.1539961 seconds
Number of updated asset objects reloaded before import = 0Number of asset objects unloaded after import = 2

========================================================================
Received Import Request.
  Time since last request: 0.000123 seconds.
  path: Assets/Handpainted_Grass_and_Ground_Textures/Demo/Materials/Material_snow_dark_step_006.mat
  artifactKey: Guid(8a75279271840244688878bd9efa1b06) Importer(815301076,1909f56bfc062723c751e8b465ee728b)
Start importing Assets/Handpainted_Grass_and_Ground_Textures/Demo/Materials/Material_snow_dark_step_006.mat using Guid(8a75279271840244688878bd9efa1b06) Importer(815301076,1909f56bfc062723c751e8b465ee728b) (PreviewImporter) -> (artifact id: '9a3fa90fc58133be2612edaa8ce15410') in 0.1413939 seconds
Number of updated asset objects reloaded before import = 0Number of asset objects unloaded after import = 2

========================================================================
Received Import Request.
  Time since last request: 0.000134 seconds.
  path: Assets/Handpainted_Grass_and_Ground_Textures/Demo/Materials/Material_snow_super_dark_step_008.mat
  artifactKey: Guid(27593d9967611354199307d3c00ae66a) Importer(815301076,1909f56bfc062723c751e8b465ee728b)
Start importing Assets/Handpainted_Grass_and_Ground_Textures/Demo/Materials/Material_snow_super_dark_step_008.mat using Guid(27593d9967611354199307d3c00ae66a) Importer(815301076,1909f56bfc062723c751e8b465ee728b) (PreviewImporter) -> (artifact id: '8a24bfb2e866c80fb80579019a163f9a') in 0.155326 seconds
Number of updated asset objects reloaded before import = 0Number of asset objects unloaded after import = 2

========================================================================
Received Import Request.
  Time since last request: 0.000100 seconds.
  path: Assets/Handpainted_Grass_and_Ground_Textures/Demo/Materials/Material_snow_super_dark_step_006.mat
  artifactKey: Guid(84b10b9ab1c1f134eb469be4db057feb) Importer(815301076,1909f56bfc062723c751e8b465ee728b)
Start importing Assets/Handpainted_Grass_and_Ground_Textures/Demo/Materials/Material_snow_super_dark_step_006.mat using Guid(84b10b9ab1c1f134eb469be4db057feb) Importer(815301076,1909f56bfc062723c751e8b465ee728b) (PreviewImporter) -> (artifact id: '3a4b6a181ef8d33d47d34100e7f02e83') in 0.1029113 seconds
Number of updated asset objects reloaded before import = 0Number of asset objects unloaded after import = 2

========================================================================
Received Import Request.
  Time since last request: 0.000147 seconds.
  path: Assets/Handpainted_Grass_and_Ground_Textures/Demo/Materials/material_dirt_desatured_rocks.mat
  artifactKey: Guid(9ae1d73fdebd4f04f971f7144044b8c3) Importer(815301076,1909f56bfc062723c751e8b465ee728b)
Start importing Assets/Handpainted_Grass_and_Ground_Textures/Demo/Materials/material_dirt_desatured_rocks.mat using Guid(9ae1d73fdebd4f04f971f7144044b8c3) Importer(815301076,1909f56bfc062723c751e8b465ee728b) (PreviewImporter) -> (artifact id: '115c015d4e42472de177d00a26ff96ca') in 0.1397586 seconds
Number of updated asset objects reloaded before import = 0Number of asset objects unloaded after import = 2

========================================================================
Received Import Request.
  Time since last request: 0.000125 seconds.
  path: Assets/Polytope Studio/Lowpoly_Environments/Sources/Materials/PT_Generic_Tree_Trunk_mat.mat
  artifactKey: Guid(e6ce4253a748b0849a04b87f33cc539d) Importer(815301076,1909f56bfc062723c751e8b465ee728b)
Start importing Assets/Polytope Studio/Lowpoly_Environments/Sources/Materials/PT_Generic_Tree_Trunk_mat.mat using Guid(e6ce4253a748b0849a04b87f33cc539d) Importer(815301076,1909f56bfc062723c751e8b465ee728b) (PreviewImporter) -> (artifact id: '252105f29889a491a1687c22711e45b5') in 0.2207256 seconds
Number of updated asset objects reloaded before import = 0Number of asset objects unloaded after import = 2

========================================================================
Received Import Request.
  Time since last request: 0.000141 seconds.
  path: Assets/Handpainted_Grass_and_Ground_Textures/Demo/Materials/Material_snow_dark_step_002.mat
  artifactKey: Guid(c53d6702d4f4bef44b3f89b09fb109a4) Importer(815301076,1909f56bfc062723c751e8b465ee728b)
Start importing Assets/Handpainted_Grass_and_Ground_Textures/Demo/Materials/Material_snow_dark_step_002.mat using Guid(c53d6702d4f4bef44b3f89b09fb109a4) Importer(815301076,1909f56bfc062723c751e8b465ee728b) (PreviewImporter) -> (artifact id: 'f8e1d39b7a9c308b4ca41f8b5b204987') in 0.2694347 seconds
Number of updated asset objects reloaded before import = 0Number of asset objects unloaded after import = 2

========================================================================
Received Import Request.
  Time since last request: 0.000131 seconds.
  path: Assets/Polytope Studio/Lowpoly_Environments/Sources/Materials/PT_Skybox_mat.mat
  artifactKey: Guid(59573b088aaea0442bf29e0a0e9d1339) Importer(815301076,1909f56bfc062723c751e8b465ee728b)
Start importing Assets/Polytope Studio/Lowpoly_Environments/Sources/Materials/PT_Skybox_mat.mat using Guid(59573b088aaea0442bf29e0a0e9d1339) Importer(815301076,1909f56bfc062723c751e8b465ee728b) (PreviewImporter) -> (artifact id: '3ae9787e770017dea32558b7cc4ce66e') in 0.9672945 seconds
Number of updated asset objects reloaded before import = 0Number of asset objects unloaded after import = 2

========================================================================
Received Import Request.
  Time since last request: 0.000150 seconds.
  path: Assets/Handpainted_Grass_and_Ground_Textures/Demo/Materials/Material_snow_normal_step_001.mat
  artifactKey: Guid(4ad9ba4b9e8d4724da3df22d495e1926) Importer(815301076,1909f56bfc062723c751e8b465ee728b)
Start importing Assets/Handpainted_Grass_and_Ground_Textures/Demo/Materials/Material_snow_normal_step_001.mat using Guid(4ad9ba4b9e8d4724da3df22d495e1926) Importer(815301076,1909f56bfc062723c751e8b465ee728b) (PreviewImporter) -> (artifact id: 'd92c5d7813bc534cec6ef9b4a351bd17') in 0.2644844 seconds
Number of updated asset objects reloaded before import = 0Number of asset objects unloaded after import = 2

========================================================================
Received Import Request.
  Time since last request: 0.000144 seconds.
  path: Assets/Handpainted_Grass_and_Ground_Textures/Demo/Materials/Material_snow_normal_step_003.mat
  artifactKey: Guid(ea2cb334d224f2f40924a14e8618a1b3) Importer(815301076,1909f56bfc062723c751e8b465ee728b)
Start importing Assets/Handpainted_Grass_and_Ground_Textures/Demo/Materials/Material_snow_normal_step_003.mat using Guid(ea2cb334d224f2f40924a14e8618a1b3) Importer(815301076,1909f56bfc062723c751e8b465ee728b) (PreviewImporter) -> (artifact id: '44c0b34ef5c63e88af248f3fc5bd5210') in 0.1874318 seconds
Number of updated asset objects reloaded before import = 0Number of asset objects unloaded after import = 2

========================================================================
Received Import Request.
  Time since last request: 0.000108 seconds.
  path: Assets/Polytope Studio/Lowpoly_Environments/Sources/Materials/PT_Pine_Tree_Leaves_Mat.mat
  artifactKey: Guid(823cb446423dd7747b7454d5cf133e75) Importer(815301076,1909f56bfc062723c751e8b465ee728b)
Start importing Assets/Polytope Studio/Lowpoly_Environments/Sources/Materials/PT_Pine_Tree_Leaves_Mat.mat using Guid(823cb446423dd7747b7454d5cf133e75) Importer(815301076,1909f56bfc062723c751e8b465ee728b) (PreviewImporter) -> (artifact id: '50512cc260bff3e6ca137182263722d5') in 0.2662752 seconds
Number of updated asset objects reloaded before import = 0Number of asset objects unloaded after import = 2

========================================================================
Received Import Request.
  Time since last request: 0.000229 seconds.
  path: Assets/Polytope Studio/Lowpoly_Environments/Sources/Materials/PT_Generic_Leaf_mat.mat
  artifactKey: Guid(aac20e0005fef5248bc0774a19a05e87) Importer(815301076,1909f56bfc062723c751e8b465ee728b)
Start importing Assets/Polytope Studio/Lowpoly_Environments/Sources/Materials/PT_Generic_Leaf_mat.mat using Guid(aac20e0005fef5248bc0774a19a05e87) Importer(815301076,1909f56bfc062723c751e8b465ee728b) (PreviewImporter) -> (artifact id: 'f12089056a030048cdce71f3fc9554bb') in 1.4815503 seconds
Number of updated asset objects reloaded before import = 0Number of asset objects unloaded after import = 1

========================================================================
Received Import Request.
  Time since last request: 0.000120 seconds.
  path: Assets/Handpainted_Grass_and_Ground_Textures/Demo/Materials/material_dirt_corrupted.mat
  artifactKey: Guid(9298c1f97ff67a843b2911d91b906966) Importer(815301076,1909f56bfc062723c751e8b465ee728b)
Start importing Assets/Handpainted_Grass_and_Ground_Textures/Demo/Materials/material_dirt_corrupted.mat using Guid(9298c1f97ff67a843b2911d91b906966) Importer(815301076,1909f56bfc062723c751e8b465ee728b) (PreviewImporter) -> (artifact id: '50fd407095ca5f47a7281ba20a3aedfd') in 0.1953556 seconds
Number of updated asset objects reloaded before import = 0Number of asset objects unloaded after import = 2

========================================================================
Received Import Request.
  Time since last request: 0.000098 seconds.
  path: Assets/Handpainted_Grass_and_Ground_Textures/Demo/Materials/Grass_swamp_lighted.mat
  artifactKey: Guid(09de5348e0100834d9b7996eb5e976bb) Importer(815301076,1909f56bfc062723c751e8b465ee728b)
Start importing Assets/Handpainted_Grass_and_Ground_Textures/Demo/Materials/Grass_swamp_lighted.mat using Guid(09de5348e0100834d9b7996eb5e976bb) Importer(815301076,1909f56bfc062723c751e8b465ee728b) (PreviewImporter) -> (artifact id: '8223db3f737a6132683dc03f7279fc37') in 0.2917863 seconds
Number of updated asset objects reloaded before import = 0Number of asset objects unloaded after import = 2

========================================================================
Received Import Request.
  Time since last request: 0.000152 seconds.
  path: Assets/Polytope Studio/Lowpoly_Village/Sources/Materials/PT_mat.mat
  artifactKey: Guid(56532089e45dbc1479865e115cc8c637) Importer(815301076,1909f56bfc062723c751e8b465ee728b)
Start importing Assets/Polytope Studio/Lowpoly_Village/Sources/Materials/PT_mat.mat using Guid(56532089e45dbc1479865e115cc8c637) Importer(815301076,1909f56bfc062723c751e8b465ee728b) (PreviewImporter) -> (artifact id: '4dd37dfdfbbb312d6f71f58fc244f84d') in 0.2379497 seconds
Number of updated asset objects reloaded before import = 0Number of asset objects unloaded after import = 2

========================================================================
Received Import Request.
  Time since last request: 0.000110 seconds.
  path: Assets/Materials/Cathy Block 1.mat
  artifactKey: Guid(fa69f5a0fccbeed429a1bdf40318eb3b) Importer(815301076,1909f56bfc062723c751e8b465ee728b)
Start importing Assets/Materials/Cathy Block 1.mat using Guid(fa69f5a0fccbeed429a1bdf40318eb3b) Importer(815301076,1909f56bfc062723c751e8b465ee728b) (PreviewImporter) -> (artifact id: '50d843d670570a771bea6cac215b4fba') in 0.3862918 seconds
Number of updated asset objects reloaded before import = 0Number of asset objects unloaded after import = 2

========================================================================
Received Import Request.
  Time since last request: 0.000122 seconds.
  path: Assets/Polytope Studio/Lowpoly_Environments/Sources/Materials/PT_Mushrooms_mat.mat
  artifactKey: Guid(c522ec7c62be0c145bc320ad11705a67) Importer(815301076,1909f56bfc062723c751e8b465ee728b)
Start importing Assets/Polytope Studio/Lowpoly_Environments/Sources/Materials/PT_Mushrooms_mat.mat using Guid(c522ec7c62be0c145bc320ad11705a67) Importer(815301076,1909f56bfc062723c751e8b465ee728b) (PreviewImporter) -> (artifact id: '9923c5b08a3683fbbb42d70afde5497e') in 0.2589057 seconds
Number of updated asset objects reloaded before import = 0Number of asset objects unloaded after import = 2

========================================================================
Received Import Request.
  Time since last request: 0.000123 seconds.
  path: Assets/Handpainted_Grass_and_Ground_Textures/Demo/Materials/Material_Grass_darked.mat
  artifactKey: Guid(49ca5b6b9bc21464081bc5be2701aca1) Importer(815301076,1909f56bfc062723c751e8b465ee728b)
Start importing Assets/Handpainted_Grass_and_Ground_Textures/Demo/Materials/Material_Grass_darked.mat using Guid(49ca5b6b9bc21464081bc5be2701aca1) Importer(815301076,1909f56bfc062723c751e8b465ee728b) (PreviewImporter) -> (artifact id: '81c1954cd06069b868db07dd419d53b3') in 0.172816 seconds
Number of updated asset objects reloaded before import = 0Number of asset objects unloaded after import = 2

========================================================================
Received Import Request.
  Time since last request: 0.000122 seconds.
  path: Assets/Handpainted_Grass_and_Ground_Textures/Demo/Materials/Material_snow_dark_step_008.mat
  artifactKey: Guid(defd0022054ddf240bfdb18aea02eb24) Importer(815301076,1909f56bfc062723c751e8b465ee728b)
Start importing Assets/Handpainted_Grass_and_Ground_Textures/Demo/Materials/Material_snow_dark_step_008.mat using Guid(defd0022054ddf240bfdb18aea02eb24) Importer(815301076,1909f56bfc062723c751e8b465ee728b) (PreviewImporter) -> (artifact id: '2e02033009f0c68f5f39d0d15058267c') in 0.1852868 seconds
Number of updated asset objects reloaded before import = 0Number of asset objects unloaded after import = 2

========================================================================
Received Import Request.
  Time since last request: 0.000106 seconds.
  path: Assets/Handpainted_Grass_and_Ground_Textures/Demo/Materials/Material_snow_normal_step_005.mat
  artifactKey: Guid(4137ee59c472e1949905165f0bd1f9dc) Importer(815301076,1909f56bfc062723c751e8b465ee728b)
Start importing Assets/Handpainted_Grass_and_Ground_Textures/Demo/Materials/Material_snow_normal_step_005.mat using Guid(4137ee59c472e1949905165f0bd1f9dc) Importer(815301076,1909f56bfc062723c751e8b465ee728b) (PreviewImporter) -> (artifact id: '78601daeed3c68d0e133073a82df4d47') in 0.1410333 seconds
Number of updated asset objects reloaded before import = 0Number of asset objects unloaded after import = 2

========================================================================
Received Import Request.
  Time since last request: 0.000115 seconds.
  path: Assets/Handpainted_Grass_and_Ground_Textures/Demo/Materials/Material_snow_normal_step_004.mat
  artifactKey: Guid(31488567972b3b44fbd8abdc81ccb4ce) Importer(815301076,1909f56bfc062723c751e8b465ee728b)
Start importing Assets/Handpainted_Grass_and_Ground_Textures/Demo/Materials/Material_snow_normal_step_004.mat using Guid(31488567972b3b44fbd8abdc81ccb4ce) Importer(815301076,1909f56bfc062723c751e8b465ee728b) (PreviewImporter) -> (artifact id: 'bc40345fe4baf46805c7956aa96c04b7') in 0.1972565 seconds
Number of updated asset objects reloaded before import = 0Number of asset objects unloaded after import = 2

========================================================================
Received Import Request.
  Time since last request: 0.000121 seconds.
  path: Assets/Handpainted_Grass_and_Ground_Textures/Demo/Materials/Material_Grass_desatured.mat
  artifactKey: Guid(40cc89b9c27c19c459d15b79d4211bee) Importer(815301076,1909f56bfc062723c751e8b465ee728b)
Start importing Assets/Handpainted_Grass_and_Ground_Textures/Demo/Materials/Material_Grass_desatured.mat using Guid(40cc89b9c27c19c459d15b79d4211bee) Importer(815301076,1909f56bfc062723c751e8b465ee728b) (PreviewImporter) -> (artifact id: 'dc70f1d8156a3528c3dc3e6160db0844') in 0.1412531 seconds
Number of updated asset objects reloaded before import = 0Number of asset objects unloaded after import = 2

========================================================================
Received Import Request.
  Time since last request: 0.000151 seconds.
  path: Assets/Polytope Studio/Lowpoly_Environments/Sources/Materials/PT_Grass_Mat.mat
  artifactKey: Guid(09473d06882d1414b84b1fdb7a095516) Importer(815301076,1909f56bfc062723c751e8b465ee728b)
Start importing Assets/Polytope Studio/Lowpoly_Environments/Sources/Materials/PT_Grass_Mat.mat using Guid(09473d06882d1414b84b1fdb7a095516) Importer(815301076,1909f56bfc062723c751e8b465ee728b) (PreviewImporter) -> (artifact id: '729b98da5a59260da108632c16b47eda') in 22.3222031 seconds
Number of updated asset objects reloaded before import = 0Number of asset objects unloaded after import = 2

========================================================================
Received Import Request.
  Time since last request: 0.000110 seconds.
  path: Assets/Handpainted_Grass_and_Ground_Textures/Demo/Materials/Material_Grass_lighted.mat
  artifactKey: Guid(b720916f84c05c445a1e56e7d5ac7c34) Importer(815301076,1909f56bfc062723c751e8b465ee728b)
Start importing Assets/Handpainted_Grass_and_Ground_Textures/Demo/Materials/Material_Grass_lighted.mat using Guid(b720916f84c05c445a1e56e7d5ac7c34) Importer(815301076,1909f56bfc062723c751e8b465ee728b) (PreviewImporter) -> (artifact id: '6fd0f6f1030e14187fbaf19bacfc58d7') in 0.1461914 seconds
Number of updated asset objects reloaded before import = 0Number of asset objects unloaded after import = 2

========================================================================
Received Import Request.
  Time since last request: 0.000140 seconds.
  path: Assets/Handpainted_Grass_and_Ground_Textures/Demo/Materials/Material_Grass_corrupted.mat
  artifactKey: Guid(33eef089624823f4f9b1d6531235b3cf) Importer(815301076,1909f56bfc062723c751e8b465ee728b)
Start importing Assets/Handpainted_Grass_and_Ground_Textures/Demo/Materials/Material_Grass_corrupted.mat using Guid(33eef089624823f4f9b1d6531235b3cf) Importer(815301076,1909f56bfc062723c751e8b465ee728b) (PreviewImporter) -> (artifact id: 'da96454a9d119ce8890c855c37df9310') in 0.1345492 seconds
Number of updated asset objects reloaded before import = 0Number of asset objects unloaded after import = 2

========================================================================
Received Import Request.
  Time since last request: 0.000078 seconds.
  path: Assets/Polytope Studio/Lowpoly_Environments/Sources/Materials/PT_Fruit_Tree_Foliage_Mat.mat
  artifactKey: Guid(0a1f44318dd467a45bfef81ad0e8855a) Importer(815301076,1909f56bfc062723c751e8b465ee728b)
Start importing Assets/Polytope Studio/Lowpoly_Environments/Sources/Materials/PT_Fruit_Tree_Foliage_Mat.mat using Guid(0a1f44318dd467a45bfef81ad0e8855a) Importer(815301076,1909f56bfc062723c751e8b465ee728b) (PreviewImporter) -> (artifact id: '645992fc695232406bac1448aca6de6e') in 0.319983 seconds
Number of updated asset objects reloaded before import = 0Number of asset objects unloaded after import = 2

========================================================================
Received Import Request.
  Time since last request: 0.000143 seconds.
  path: Assets/Handpainted_Grass_and_Ground_Textures/Demo/Materials/Material_dirt_normal.mat
  artifactKey: Guid(daec66f5c75ce4b499f65904759695a5) Importer(815301076,1909f56bfc062723c751e8b465ee728b)
Start importing Assets/Handpainted_Grass_and_Ground_Textures/Demo/Materials/Material_dirt_normal.mat using Guid(daec66f5c75ce4b499f65904759695a5) Importer(815301076,1909f56bfc062723c751e8b465ee728b) (PreviewImporter) -> (artifact id: 'f91f7a4819ddeb2e913bfeec0f667e9e') in 0.1639387 seconds
Number of updated asset objects reloaded before import = 0Number of asset objects unloaded after import = 2

========================================================================
Received Import Request.
  Time since last request: 0.000109 seconds.
  path: Assets/Handpainted_Grass_and_Ground_Textures/Demo/Materials/Material_snow_dark_step_007.mat
  artifactKey: Guid(53c84e32e98ed5b45a858363264827db) Importer(815301076,1909f56bfc062723c751e8b465ee728b)
Start importing Assets/Handpainted_Grass_and_Ground_Textures/Demo/Materials/Material_snow_dark_step_007.mat using Guid(53c84e32e98ed5b45a858363264827db) Importer(815301076,1909f56bfc062723c751e8b465ee728b) (PreviewImporter) -> (artifact id: 'f3bcd88d92aad8dccd167fdbe94760d8') in 0.2795523 seconds
Number of updated asset objects reloaded before import = 0Number of asset objects unloaded after import = 2

========================================================================
Received Import Request.
  Time since last request: 0.000123 seconds.
  path: Assets/Handpainted_Grass_and_Ground_Textures/Demo/Materials/Material_snow_super_dark.mat
  artifactKey: Guid(8238f9cb92f317f489275362a7e5e6b6) Importer(815301076,1909f56bfc062723c751e8b465ee728b)
Start importing Assets/Handpainted_Grass_and_Ground_Textures/Demo/Materials/Material_snow_super_dark.mat using Guid(8238f9cb92f317f489275362a7e5e6b6) Importer(815301076,1909f56bfc062723c751e8b465ee728b) (PreviewImporter) -> (artifact id: '913fcbaa0885300df08967999d05117a') in 0.1406786 seconds
Number of updated asset objects reloaded before import = 0Number of asset objects unloaded after import = 2

========================================================================
Received Import Request.
  Time since last request: 0.000125 seconds.
  path: Assets/Handpainted_Grass_and_Ground_Textures/Demo/Materials/Material_snow_normal_step_006.mat
  artifactKey: Guid(913af96824530f54487e5e468ba0c98f) Importer(815301076,1909f56bfc062723c751e8b465ee728b)
Start importing Assets/Handpainted_Grass_and_Ground_Textures/Demo/Materials/Material_snow_normal_step_006.mat using Guid(913af96824530f54487e5e468ba0c98f) Importer(815301076,1909f56bfc062723c751e8b465ee728b) (PreviewImporter) -> (artifact id: '2d454243c3aac6121ee47a3580790636') in 0.1092447 seconds
Number of updated asset objects reloaded before import = 0Number of asset objects unloaded after import = 2

========================================================================
Received Import Request.
  Time since last request: 0.000140 seconds.
  path: Assets/Handpainted_Grass_and_Ground_Textures/Demo/Materials/Material_snow_normal.mat
  artifactKey: Guid(80e2257d85813c84fb25962c54ceddbb) Importer(815301076,1909f56bfc062723c751e8b465ee728b)
Start importing Assets/Handpainted_Grass_and_Ground_Textures/Demo/Materials/Material_snow_normal.mat using Guid(80e2257d85813c84fb25962c54ceddbb) Importer(815301076,1909f56bfc062723c751e8b465ee728b) (PreviewImporter) -> (artifact id: '684a7d709ff15385465545779a08b546') in 0.1748903 seconds
Number of updated asset objects reloaded before import = 0Number of asset objects unloaded after import = 2

========================================================================
Received Import Request.
  Time since last request: 0.000110 seconds.
  path: Assets/Handpainted_Grass_and_Ground_Textures/Demo/Materials/material_dirt_clay.mat
  artifactKey: Guid(068d39ad2a610284589321a74477fca7) Importer(815301076,1909f56bfc062723c751e8b465ee728b)
Start importing Assets/Handpainted_Grass_and_Ground_Textures/Demo/Materials/material_dirt_clay.mat using Guid(068d39ad2a610284589321a74477fca7) Importer(815301076,1909f56bfc062723c751e8b465ee728b) (PreviewImporter) -> (artifact id: '6a398ea21d9f2af9f4fe7c4e11b08ba4') in 0.1713044 seconds
Number of updated asset objects reloaded before import = 0Number of asset objects unloaded after import = 2

========================================================================
Received Import Request.
  Time since last request: 0.000115 seconds.
  path: Assets/Handpainted_Grass_and_Ground_Textures/Demo/Materials/Material_dirt_lighted_rocks.mat
  artifactKey: Guid(ba828f98c36e04b45aed6d9bbb51a599) Importer(815301076,1909f56bfc062723c751e8b465ee728b)
Start importing Assets/Handpainted_Grass_and_Ground_Textures/Demo/Materials/Material_dirt_lighted_rocks.mat using Guid(ba828f98c36e04b45aed6d9bbb51a599) Importer(815301076,1909f56bfc062723c751e8b465ee728b) (PreviewImporter) -> (artifact id: 'de810e9c23d6177b7bddca955bb1a7d0') in 0.1718442 seconds
Number of updated asset objects reloaded before import = 0Number of asset objects unloaded after import = 2

========================================================================
Received Import Request.
  Time since last request: 0.000084 seconds.
  path: Assets/Handpainted_Grass_and_Ground_Textures/Demo/Materials/Material_snow_normal_step_002.mat
  artifactKey: Guid(6357b1f9ba0c8184ab83661ffd0761f5) Importer(815301076,1909f56bfc062723c751e8b465ee728b)
Start importing Assets/Handpainted_Grass_and_Ground_Textures/Demo/Materials/Material_snow_normal_step_002.mat using Guid(6357b1f9ba0c8184ab83661ffd0761f5) Importer(815301076,1909f56bfc062723c751e8b465ee728b) (PreviewImporter) -> (artifact id: '3977a4b111b1845b03465152d2bd3ec3') in 0.1350606 seconds
Number of updated asset objects reloaded before import = 0Number of asset objects unloaded after import = 2

========================================================================
Received Import Request.
  Time since last request: 0.000126 seconds.
  path: Assets/Handpainted_Grass_and_Ground_Textures/Demo/Materials/Material_snow_dark_step_005.mat
  artifactKey: Guid(ad30194cc1c423542a165cab9fc3f14d) Importer(815301076,1909f56bfc062723c751e8b465ee728b)
Start importing Assets/Handpainted_Grass_and_Ground_Textures/Demo/Materials/Material_snow_dark_step_005.mat using Guid(ad30194cc1c423542a165cab9fc3f14d) Importer(815301076,1909f56bfc062723c751e8b465ee728b) (PreviewImporter) -> (artifact id: '0cde0096815afef2d492a2d138323b97') in 0.1484506 seconds
Number of updated asset objects reloaded before import = 0Number of asset objects unloaded after import = 2

========================================================================
Received Import Request.
  Time since last request: 100.818583 seconds.
  path: Assets/village house 1.fbx
  artifactKey: Guid(236253e8c0d599249900974d5bf87f8e) Importer(815301076,1909f56bfc062723c751e8b465ee728b)
Start importing Assets/village house 1.fbx using Guid(236253e8c0d599249900974d5bf87f8e) Importer(815301076,1909f56bfc062723c751e8b465ee728b) (PreviewImporter) -> (artifact id: 'a6515ee15d561299ad7b6da868808272') in 0.6585374 seconds
Number of updated asset objects reloaded before import = 0Number of asset objects unloaded after import = 13

========================================================================
Received Import Request.
  Time since last request: 686.964753 seconds.
  path: Assets/House 2.fbx
  artifactKey: Guid(1619bcac581ca284c888fcfbb3bbe205) Importer(815301076,1909f56bfc062723c751e8b465ee728b)
Start importing Assets/House 2.fbx using Guid(1619bcac581ca284c888fcfbb3bbe205) Importer(815301076,1909f56bfc062723c751e8b465ee728b) (PreviewImporter) -> (artifact id: 'c1f6c29413e31eed3d2ed109a288641c') in 0.3439977 seconds
Number of updated asset objects reloaded before import = 0Number of asset objects unloaded after import = 40

========================================================================
Received Import Request.
  Time since last request: 81.348299 seconds.
  path: Assets/House 2.fbx
  artifactKey: Guid(1619bcac581ca284c888fcfbb3bbe205) Importer(815301076,1909f56bfc062723c751e8b465ee728b)
Start importing Assets/House 2.fbx using Guid(1619bcac581ca284c888fcfbb3bbe205) Importer(815301076,1909f56bfc062723c751e8b465ee728b) (PreviewImporter) -> (artifact id: '31e5696d225b6139a439572895b8b652') in 0.3621234 seconds
Number of updated asset objects reloaded before import = 0Number of asset objects unloaded after import = 40

========================================================================
Received Import Request.
  Time since last request: 157.049850 seconds.
  path: Assets/Walls.png
  artifactKey: Guid(cc21cb6caf133ab4fb270d0f81ff0657) Importer(815301076,1909f56bfc062723c751e8b465ee728b)
Start importing Assets/Walls.png using Guid(cc21cb6caf133ab4fb270d0f81ff0657) Importer(815301076,1909f56bfc062723c751e8b465ee728b) (PreviewImporter) -> (artifact id: '5214202bc36b19227ed0b44c776e7479') in 0.0550347 seconds
Number of updated asset objects reloaded before import = 0Number of asset objects unloaded after import = 2

========================================================================
Received Import Request.
  Time since last request: 469.206401 seconds.
  path: Assets/Banana.fbx
  artifactKey: Guid(108c7b47442711a47b1515777add5125) Importer(815301076,1909f56bfc062723c751e8b465ee728b)
Start importing Assets/Banana.fbx using Guid(108c7b47442711a47b1515777add5125) Importer(815301076,1909f56bfc062723c751e8b465ee728b) (PreviewImporter) -> (artifact id: '982f81f16385971c430546e68971aad6') in 0.1455311 seconds
Number of updated asset objects reloaded before import = 0Number of asset objects unloaded after import = 8

========================================================================
Received Import Request.
  Time since last request: 14.088929 seconds.
  path: Assets/Tree.fbx
  artifactKey: Guid(946469e2e3c832c4ba8c83935fea9500) Importer(815301076,1909f56bfc062723c751e8b465ee728b)
Start importing Assets/Tree.fbx using Guid(946469e2e3c832c4ba8c83935fea9500) Importer(815301076,1909f56bfc062723c751e8b465ee728b) (PreviewImporter) -> (artifact id: 'c4f73747e8eb6fd8afff83f3f52e8f27') in 0.1255921 seconds
Number of updated asset objects reloaded before import = 0Number of asset objects unloaded after import = 9

========================================================================
Received Import Request.
  Time since last request: 0.060297 seconds.
  path: Assets/Polytope Studio/Lowpoly_Environments/Sources/Meshes/Trees/PT_Fruit_Tree_01_apples.fbx
  artifactKey: Guid(fb0559a36ae9650449b6e3c26d5076a5) Importer(815301076,1909f56bfc062723c751e8b465ee728b)
Start importing Assets/Polytope Studio/Lowpoly_Environments/Sources/Meshes/Trees/PT_Fruit_Tree_01_apples.fbx using Guid(fb0559a36ae9650449b6e3c26d5076a5) Importer(815301076,1909f56bfc062723c751e8b465ee728b) (PreviewImporter) -> (artifact id: '55a73c95d4427726c69583321fa7c94d') in 0.629785 seconds
Number of updated asset objects reloaded before import = 0Number of asset objects unloaded after import = 24

========================================================================
Received Import Request.
  Time since last request: 0.000061 seconds.
  path: Assets/Polytope Studio/Lowpoly_Environments/Sources/Meshes/Trees/PT_Fruit_Tree_01_logs.fbx
  artifactKey: Guid(268a14e7ef45f1542a7d335b0a20d200) Importer(815301076,1909f56bfc062723c751e8b465ee728b)
Start importing Assets/Polytope Studio/Lowpoly_Environments/Sources/Meshes/Trees/PT_Fruit_Tree_01_logs.fbx using Guid(268a14e7ef45f1542a7d335b0a20d200) Importer(815301076,1909f56bfc062723c751e8b465ee728b) (PreviewImporter) -> (artifact id: '7a5a0d2002b27ac2d34f0000e257a541') in 0.099614 seconds
Number of updated asset objects reloaded before import = 0Number of asset objects unloaded after import = 9

========================================================================
Received Import Request.
  Time since last request: 0.108548 seconds.
  path: Assets/Polytope Studio/Lowpoly_Environments/Sources/Meshes/Rocks/PT_Generic_Rock_01.fbx
  artifactKey: Guid(f226223b3a11d2d4b980aaa520301583) Importer(815301076,1909f56bfc062723c751e8b465ee728b)
Start importing Assets/Polytope Studio/Lowpoly_Environments/Sources/Meshes/Rocks/PT_Generic_Rock_01.fbx using Guid(f226223b3a11d2d4b980aaa520301583) Importer(815301076,1909f56bfc062723c751e8b465ee728b) (PreviewImporter) -> (artifact id: '5f68a9bf48406e56bac6d0c92aa0632f') in 0.6684773 seconds
Number of updated asset objects reloaded before import = 0Number of asset objects unloaded after import = 23

========================================================================
Received Import Request.
  Time since last request: 23.192995 seconds.
  path: Assets/Materials/Marble.mat
  artifactKey: Guid(2771a6efdaad1074496e62bcd7598901) Importer(815301076,1909f56bfc062723c751e8b465ee728b)
Start importing Assets/Materials/Marble.mat using Guid(2771a6efdaad1074496e62bcd7598901) Importer(815301076,1909f56bfc062723c751e8b465ee728b) (PreviewImporter) -> (artifact id: '5aea416a5dfb39f0c246a96e228a4150') in 0.2626833 seconds
Number of updated asset objects reloaded before import = 0Number of asset objects unloaded after import = 1

========================================================================
Received Import Request.
  Time since last request: 2.542236 seconds.
  path: Assets/Materials/Metal.001.mat
  artifactKey: Guid(53289dc2faa2d9a4ca5e326567058d40) Importer(815301076,1909f56bfc062723c751e8b465ee728b)
Start importing Assets/Materials/Metal.001.mat using Guid(53289dc2faa2d9a4ca5e326567058d40) Importer(815301076,1909f56bfc062723c751e8b465ee728b) (PreviewImporter) -> (artifact id: '588b72986d9e02c10d1741971530322b') in 0.0623485 seconds
Number of updated asset objects reloaded before import = 0Number of asset objects unloaded after import = 1

========================================================================
Received Import Request.
  Time since last request: 0.075642 seconds.
  path: Assets/Materials/Old Brick.001.mat
  artifactKey: Guid(e09c0b7455765e246858831abb122ddf) Importer(815301076,1909f56bfc062723c751e8b465ee728b)
Start importing Assets/Materials/Old Brick.001.mat using Guid(e09c0b7455765e246858831abb122ddf) Importer(815301076,1909f56bfc062723c751e8b465ee728b) (PreviewImporter) -> (artifact id: 'fb03ebb855263098670b4053ace84b59') in 0.1138702 seconds
Number of updated asset objects reloaded before import = 0Number of asset objects unloaded after import = 1

========================================================================
Received Import Request.
  Time since last request: 0.272851 seconds.
  path: Assets/Materials/Rusty Galvanized Metal.mat
  artifactKey: Guid(a5d2f10cd4e13b3499c96cf1b45a4644) Importer(815301076,1909f56bfc062723c751e8b465ee728b)
Start importing Assets/Materials/Rusty Galvanized Metal.mat using Guid(a5d2f10cd4e13b3499c96cf1b45a4644) Importer(815301076,1909f56bfc062723c751e8b465ee728b) (PreviewImporter) -> (artifact id: 'c4983f73d698a3278dbb77c32dd40953') in 0.1153279 seconds
Number of updated asset objects reloaded before import = 0Number of asset objects unloaded after import = 1

========================================================================
Received Import Request.
  Time since last request: 0.000053 seconds.
  path: Assets/Materials/Walls.mat
  artifactKey: Guid(a0d70d9446435c748978ea94094ce6ae) Importer(815301076,1909f56bfc062723c751e8b465ee728b)
Start importing Assets/Materials/Walls.mat using Guid(a0d70d9446435c748978ea94094ce6ae) Importer(815301076,1909f56bfc062723c751e8b465ee728b) (PreviewImporter) -> (artifact id: '2067bb958acd081530d662187346c81f') in 0.059897 seconds
Number of updated asset objects reloaded before import = 0Number of asset objects unloaded after import = 2

